account_id,account_number,customer_id,bank_id,account_type,balance,currency,opened_date,status,interest_rate
A00001,1001000001,C0001,B009,Investment,469103.23,USD,2020-02-26,Active,0.0
A00002,1001000002,C0001,B009,Savings,70568.7,USD,2020-02-15,Active,1.08
A00003,1001000003,C0001,B009,Checking,16717.69,USD,2020-01-29,Active,0.05
A00004,1001000004,C0002,B017,Savings,16309.23,USD,2021-04-03,Active,3.7
A00005,1001000005,C0002,B017,Investment,110139.21,USD,2021-06-04,Active,0.0
A00006,1001000006,C0003,B021,Checking,20809.05,USD,2018-12-10,Active,0.05
A00007,1001000007,C0003,B021,Savings,126760.71,USD,2018-12-09,Active,3.61
A00008,1001000008,C0003,B021,Investment,263281.34,USD,2018-11-13,Active,0.0
A00009,1001000009,C0004,B005,Savings,63350.8,USD,2018-09-21,Active,1.62
A00010,1001000010,C0005,B050,Investment,644231.42,USD,2020-08-12,Active,0.0
A00011,1001000011,C0006,B032,Savings,73862.26,USD,2020-09-04,Active,2.92
A00012,1001000012,C0007,B034,Savings,72641.25,USD,2020-09-07,Active,1.1
A00013,1001000013,C0007,B034,Investment,190442.54,USD,2020-06-23,Active,0.0
A00014,1001000014,C0007,B034,Checking,25064.32,USD,2020-06-08,Active,0.05
A00015,1001000015,C0008,B035,Investment,309826.11,USD,2021-05-14,Active,0.0
A00016,1001000016,C0008,B035,Checking,7982.65,USD,2021-09-10,Active,0.05
A00017,1001000017,C0009,B017,Investment,119932.85,USD,2019-01-23,Active,0.0
A00018,1001000018,C0010,B015,Checking,3030.04,USD,2021-10-25,Active,0.05
A00019,1001000019,C0010,B015,Savings,14545.47,USD,2021-07-10,Active,1.83
A00020,1001000020,C0010,B015,Investment,178910.13,USD,2021-06-08,Active,0.0
A00021,1001000021,C0011,B009,Checking,3090.08,USD,2019-04-17,Active,0.05
A00022,1001000022,C0011,B009,Savings,23254.23,USD,2019-06-20,Active,3.29
A00023,1001000023,C0011,B009,Investment,212118.13,USD,2019-07-05,Active,0.0
A00024,1001000024,C0012,B004,Investment,58693.69,USD,2020-06-29,Active,0.0
A00025,1001000025,C0012,B004,Checking,4920.01,USD,2020-09-29,Active,0.05
A00026,1001000026,C0012,B004,Savings,9788.81,USD,2020-07-25,Active,2.63
A00027,1001000027,C0013,B020,Investment,419220.66,USD,2020-10-31,Active,0.0
A00028,1001000028,C0013,B020,Checking,24729.52,USD,2021-01-24,Active,0.05
A00029,1001000029,C0014,B013,Investment,326074.15,USD,2020-11-04,Active,0.0
A00030,1001000030,C0014,B013,Savings,50552.27,USD,2021-01-05,Active,2.8
A00031,1001000031,C0015,B022,Investment,111713.33,USD,2021-10-06,Active,0.0
A00032,1001000032,C0015,B022,Savings,13345.55,USD,2021-06-26,Active,3.6
A00033,1001000033,C0016,B044,Investment,111573.97,USD,2020-11-02,Active,0.0
A00034,1001000034,C0017,B049,Checking,1183.01,USD,2020-01-25,Active,0.05
A00035,1001000035,C0017,B049,Savings,22510.23,USD,2019-10-03,Active,1.49
A00036,1001000036,C0018,B044,Savings,29758.86,USD,2021-09-29,Active,2.33
A00037,1001000037,C0018,B044,Checking,5746.1,USD,2021-06-04,Active,0.05
A00038,1001000038,C0019,B007,Checking,3968.99,USD,2021-03-03,Active,0.05
A00039,1001000039,C0020,B050,Investment,164124.23,USD,2021-06-26,Active,0.0
A00040,1001000040,C0021,B040,Checking,12580.52,USD,2021-01-31,Active,0.05
A00041,1001000041,C0022,B013,Savings,50178.55,USD,2021-06-15,Active,3.56
A00042,1001000042,C0023,B021,Investment,147061.01,USD,2021-02-02,Active,0.0
A00043,1001000043,C0023,B021,Savings,33494.59,USD,2020-12-25,Active,1.81
A00044,1001000044,C0024,B020,Savings,11433.46,USD,2020-04-06,Active,3.18
A00045,1001000045,C0024,B020,Checking,4126.87,USD,2020-05-04,Active,0.05
A00046,1001000046,C0025,B049,Savings,79966.28,USD,2019-11-23,Active,2.21
A00047,1001000047,C0025,B049,Checking,10760.09,USD,2019-09-15,Active,0.05
A00048,1001000048,C0026,B050,Investment,134594.63,USD,2020-11-11,Active,0.0
A00049,1001000049,C0026,B050,Checking,2301.99,USD,2020-11-25,Active,0.05
A00050,1001000050,C0026,B050,Savings,10843.91,USD,2020-12-12,Active,2.12
A00051,1001000051,C0027,B025,Savings,100517.78,USD,2019-04-18,Active,2.85
A00052,1001000052,C0027,B025,Checking,27010.14,USD,2019-01-23,Active,0.05
A00053,1001000053,C0028,B011,Savings,83795.26,USD,2022-02-06,Active,3.82
A00054,1001000054,C0029,B003,Investment,465474.78,USD,2019-10-30,Active,0.0
A00055,1001000055,C0029,B003,Savings,66488.7,USD,2019-10-05,Active,1.84
A00056,1001000056,C0030,B004,Checking,36770.63,USD,2019-01-01,Active,0.05
A00057,1001000057,C0030,B004,Investment,648330.87,USD,2019-02-12,Active,0.0
A00058,1001000058,C0031,B008,Investment,725934.44,USD,2020-06-04,Active,0.0
A00059,1001000059,C0031,B008,Checking,15888.05,USD,2020-08-30,Active,0.05
A00060,1001000060,C0031,B008,Savings,135388.47,USD,2020-10-14,Active,3.62
A00061,1001000061,C0032,B013,Investment,85313.78,USD,2018-06-23,Active,0.0
A00062,1001000062,C0033,B035,Investment,289965.25,USD,2020-11-07,Active,0.0
A00063,1001000063,C0034,B045,Savings,58911.67,USD,2022-02-07,Active,1.2
A00064,1001000064,C0034,B045,Investment,279999.04,USD,2021-10-31,Active,0.0
A00065,1001000065,C0034,B045,Checking,18008.14,USD,2021-11-12,Active,0.05
A00066,1001000066,C0035,B029,Savings,14417.37,USD,2018-11-19,Active,2.4
A00067,1001000067,C0035,B029,Checking,6529.93,USD,2018-09-13,Active,0.05
A00068,1001000068,C0035,B029,Investment,220113.2,USD,2019-01-21,Active,0.0
A00069,1001000069,C0036,B039,Investment,320037.92,USD,2021-09-10,Active,0.0
A00070,1001000070,C0037,B027,Savings,105498.96,USD,2018-08-27,Active,2.46
A00071,1001000071,C0038,B004,Checking,969.6,USD,2020-11-01,Active,0.05
A00072,1001000072,C0038,B004,Savings,33710.64,USD,2020-10-04,Active,3.88
A00073,1001000073,C0038,B004,Investment,138164.69,USD,2020-11-15,Active,0.0
A00074,1001000074,C0039,B022,Investment,209588.68,USD,2019-04-24,Active,0.0
A00075,1001000075,C0040,B036,Checking,7471.64,USD,2021-07-11,Active,0.05
A00076,1001000076,C0040,B036,Investment,114472.06,USD,2021-10-16,Active,0.0
A00077,1001000077,C0041,B013,Checking,24385.21,USD,2018-12-28,Active,0.05
A00078,1001000078,C0041,B013,Savings,56657.05,USD,2018-10-08,Active,3.64
A00079,1001000079,C0042,B005,Checking,9512.43,USD,2019-07-19,Active,0.05
A00080,1001000080,C0042,B005,Savings,56534.37,USD,2019-01-28,Active,3.85
A00081,1001000081,C0043,B019,Checking,1447.05,USD,2019-12-21,Active,0.05
A00082,1001000082,C0043,B019,Savings,18046.52,USD,2019-12-21,Active,1.45
A00083,1001000083,C0044,B050,Savings,39706.84,USD,2018-09-11,Active,1.6
A00084,1001000084,C0044,B050,Investment,274807.94,USD,2018-09-11,Active,0.0
A00085,1001000085,C0045,B050,Checking,2669.21,USD,2020-12-15,Active,0.05
A00086,1001000086,C0046,B035,Investment,1843694.26,USD,2018-09-07,Active,0.0
A00087,1001000087,C0047,B035,Savings,11823.83,USD,2021-01-21,Active,1.95
A00088,1001000088,C0047,B035,Checking,5538.8,USD,2021-01-14,Active,0.05
A00089,1001000089,C0048,B028,Savings,11781.46,USD,2019-01-30,Active,3.76
A00090,1001000090,C0049,B029,Checking,14462.83,USD,2022-03-29,Active,0.05
A00091,1001000091,C0050,B048,Investment,130842.37,USD,2019-07-25,Active,0.0
A00092,1001000092,C0051,B026,Checking,13957.77,USD,2021-03-17,Active,0.05
A00093,1001000093,C0051,B026,Investment,294557.55,USD,2020-11-09,Active,0.0
A00094,1001000094,C0052,B033,Savings,22533.28,USD,2018-10-19,Active,1.63
A00095,1001000095,C0052,B033,Checking,20066.55,USD,2018-09-15,Active,0.05
A00096,1001000096,C0052,B033,Investment,408867.1,USD,2018-09-05,Active,0.0
A00097,1001000097,C0053,B014,Checking,28403.85,USD,2021-11-05,Active,0.05
A00098,1001000098,C0053,B014,Savings,35892.96,USD,2021-06-29,Active,2.37
A00099,1001000099,C0054,B027,Savings,36301.85,USD,2018-08-25,Active,1.3
A00100,1001000100,C0055,B005,Checking,2876.21,USD,2019-05-28,Active,0.05
A00101,1001000101,C0055,B005,Investment,37338.17,USD,2019-05-13,Active,0.0
A00102,1001000102,C0055,B005,Savings,30863.75,USD,2018-12-04,Active,3.63
A00103,1001000103,C0056,B018,Checking,5679.53,USD,2018-11-28,Active,0.05
A00104,1001000104,C0056,B018,Savings,36904.15,USD,2019-02-05,Active,1.03
A00105,1001000105,C0056,B018,Investment,210746.27,USD,2019-03-22,Active,0.0
A00106,1001000106,C0057,B003,Checking,39347.93,USD,2020-11-01,Active,0.05
A00107,1001000107,C0057,B003,Investment,341231.06,USD,2020-10-21,Active,0.0
A00108,1001000108,C0058,B011,Savings,26225.18,USD,2020-09-14,Active,2.56
A00109,1001000109,C0058,B011,Checking,22251.2,USD,2021-01-25,Active,0.05
A00110,1001000110,C0059,B008,Checking,1235.76,USD,2019-10-30,Active,0.05
A00111,1001000111,C0060,B041,Savings,32224.66,USD,2018-10-30,Active,1.8
A00112,1001000112,C0061,B002,Savings,4441.57,USD,2021-10-22,Active,2.41
A00113,1001000113,C0062,B003,Checking,16686.58,USD,2020-12-01,Active,0.05
A00114,1001000114,C0062,B003,Savings,18814.68,USD,2020-10-17,Active,1.3
A00115,1001000115,C0062,B003,Investment,386274.41,USD,2020-08-12,Active,0.0
A00116,1001000116,C0063,B005,Checking,9284.31,USD,2020-09-21,Active,0.05
A00117,1001000117,C0063,B005,Savings,62025.56,USD,2020-07-11,Active,2.61
A00118,1001000118,C0064,B041,Investment,260571.19,USD,2021-08-21,Active,0.0
A00119,1001000119,C0064,B041,Savings,17574.9,USD,2021-09-18,Active,2.97
A00120,1001000120,C0064,B041,Checking,23117.86,USD,2021-12-05,Active,0.05
A00121,1001000121,C0065,B031,Savings,10324.91,USD,2018-04-01,Active,2.54
A00122,1001000122,C0065,B031,Checking,4333.74,USD,2018-03-17,Active,0.05
A00123,1001000123,C0066,B046,Savings,65515.08,USD,2020-07-10,Active,1.32
A00124,1001000124,C0066,B046,Investment,126172.37,USD,2020-10-29,Active,0.0
A00125,1001000125,C0067,B046,Savings,105389.07,USD,2021-08-06,Active,2.56
A00126,1001000126,C0068,B018,Investment,155308.34,USD,2020-09-14,Active,0.0
A00127,1001000127,C0068,B018,Savings,12483.57,USD,2020-04-06,Active,3.21
A00128,1001000128,C0068,B018,Checking,12146.79,USD,2020-07-05,Active,0.05
A00129,1001000129,C0069,B013,Checking,4188.42,USD,2020-05-12,Active,0.05
A00130,1001000130,C0069,B013,Investment,313576.89,USD,2020-07-03,Active,0.0
A00131,1001000131,C0070,B021,Checking,10982.87,USD,2020-12-20,Active,0.05
A00132,1001000132,C0071,B013,Checking,4389.29,USD,2021-10-22,Active,0.05
A00133,1001000133,C0071,B013,Savings,16880.9,USD,2021-12-19,Active,1.79
A00134,1001000134,C0071,B013,Investment,39501.84,USD,2021-11-08,Active,0.0
A00135,1001000135,C0072,B033,Savings,80738.22,USD,2018-12-18,Active,1.56
A00136,1001000136,C0072,B033,Investment,336559.44,USD,2019-01-24,Active,0.0
A00137,1001000137,C0073,B030,Investment,270647.27,USD,2019-09-14,Active,0.0
A00138,1001000138,C0073,B030,Checking,15009.19,USD,2019-08-25,Active,0.05
A00139,1001000139,C0074,B024,Savings,45472.65,USD,2019-05-06,Active,3.89
A00140,1001000140,C0075,B030,Checking,9378.02,USD,2018-10-16,Active,0.05
A00141,1001000141,C0076,B023,Savings,15576.94,USD,2021-08-04,Active,2.66
A00142,1001000142,C0077,B033,Investment,387070.93,USD,2019-01-17,Active,0.0
A00143,1001000143,C0077,B033,Savings,22529.72,USD,2018-11-04,Active,3.52
A00144,1001000144,C0077,B033,Checking,18338.16,USD,2018-10-29,Active,0.05
A00145,1001000145,C0078,B023,Investment,419454.3,USD,2020-09-25,Active,0.0
A00146,1001000146,C0078,B023,Checking,19445.01,USD,2020-09-26,Active,0.05
A00147,1001000147,C0079,B015,Investment,1060915.64,USD,2020-05-25,Active,0.0
A00148,1001000148,C0080,B011,Checking,32661.1,USD,2019-05-14,Active,0.05
A00149,1001000149,C0081,B040,Checking,15225.65,USD,2020-09-06,Active,0.05
A00150,1001000150,C0081,B040,Investment,257427.18,USD,2020-05-24,Active,0.0
A00151,1001000151,C0082,B026,Savings,31593.34,USD,2021-09-19,Active,2.57
A00152,1001000152,C0083,B030,Investment,195034.5,USD,2019-11-25,Active,0.0
A00153,1001000153,C0083,B030,Checking,1293.41,USD,2019-11-13,Active,0.05
A00154,1001000154,C0083,B030,Savings,37470.85,USD,2019-11-02,Active,3.0
A00155,1001000155,C0084,B040,Savings,12498.12,USD,2018-08-15,Active,2.23
A00156,1001000156,C0084,B040,Checking,14106.59,USD,2018-08-20,Active,0.05
A00157,1001000157,C0084,B040,Investment,420423.43,USD,2018-09-10,Active,0.0
A00158,1001000158,C0085,B011,Investment,95492.19,USD,2020-10-13,Active,0.0
A00159,1001000159,C0086,B023,Checking,4888.92,USD,2021-05-27,Active,0.05
A00160,1001000160,C0087,B026,Checking,49893.51,USD,2020-05-16,Active,0.05
A00161,1001000161,C0088,B010,Investment,40564.19,USD,2018-10-13,Active,0.0
A00162,1001000162,C0088,B010,Savings,25207.17,USD,2018-09-03,Active,1.03
A00163,1001000163,C0088,B010,Checking,4619.88,USD,2018-12-16,Active,0.05
A00164,1001000164,C0089,B041,Investment,206493.3,USD,2019-03-12,Active,0.0
A00165,1001000165,C0090,B008,Investment,45841.94,USD,2020-09-15,Active,0.0
A00166,1001000166,C0090,B008,Savings,31202.39,USD,2020-06-30,Active,3.85
A00167,1001000167,C0091,B017,Checking,28004.62,USD,2022-03-12,Active,0.05
A00168,1001000168,C0092,B046,Investment,152981.68,USD,2021-05-12,Active,0.0
A00169,1001000169,C0092,B046,Savings,21440.92,USD,2021-08-17,Active,1.27
A00170,1001000170,C0093,B024,Investment,163470.02,USD,2020-08-31,Active,0.0
A00171,1001000171,C0093,B024,Savings,17463.07,USD,2020-07-23,Active,2.91
A00172,1001000172,C0093,B024,Checking,8182.77,USD,2020-07-22,Active,0.05
A00173,1001000173,C0094,B041,Checking,8129.75,USD,2018-06-05,Active,0.05
A00174,1001000174,C0094,B041,Savings,66997.35,USD,2018-04-27,Active,1.25
A00175,1001000175,C0094,B041,Investment,254933.55,USD,2018-08-04,Active,0.0
A00176,1001000176,C0095,B032,Checking,9989.77,USD,2021-04-18,Active,0.05
A00177,1001000177,C0096,B050,Investment,510319.04,USD,2020-08-22,Active,0.0
A00178,1001000178,C0097,B025,Checking,1204.03,USD,2018-10-08,Active,0.05
A00179,1001000179,C0097,B025,Savings,21513.13,USD,2018-10-06,Active,3.38
A00180,1001000180,C0097,B025,Investment,109787.98,USD,2018-10-11,Active,0.0
A00181,1001000181,C0098,B016,Checking,23614.84,USD,2020-11-05,Active,0.05
A00182,1001000182,C0098,B016,Investment,242953.82,USD,2021-02-15,Active,0.0
A00183,1001000183,C0098,B016,Savings,97599.09,USD,2021-03-08,Active,2.72
A00184,1001000184,C0099,B026,Investment,393613.74,USD,2020-10-16,Active,0.0
A00185,1001000185,C0100,B002,Checking,1633.52,USD,2020-01-04,Active,0.05
A00186,1001000186,C0100,B002,Investment,56750.78,USD,2020-01-25,Active,0.0
A00187,1001000187,C0101,B047,Checking,3381.84,USD,2018-10-22,Active,0.05
A00188,1001000188,C0101,B047,Investment,68166.96,USD,2018-07-03,Active,0.0
A00189,1001000189,C0101,B047,Savings,10298.97,USD,2018-07-23,Active,3.35
A00190,1001000190,C0102,B041,Savings,27176.07,USD,2018-09-04,Active,3.31
A00191,1001000191,C0102,B041,Checking,17942.51,USD,2018-07-28,Active,0.05
A00192,1001000192,C0103,B050,Checking,85714.12,USD,2020-01-07,Active,0.05
A00193,1001000193,C0103,B050,Savings,154433.09,USD,2019-12-11,Active,2.61
A00194,1001000194,C0104,B020,Checking,20949.96,USD,2021-09-19,Active,0.05
A00195,1001000195,C0105,B021,Investment,341123.94,USD,2019-03-18,Active,0.0
A00196,1001000196,C0105,B021,Savings,25117.07,USD,2019-04-14,Active,3.57
A00197,1001000197,C0106,B029,Savings,117430.24,USD,2019-10-04,Active,3.88
A00198,1001000198,C0107,B013,Investment,143937.56,USD,2021-07-06,Active,0.0
A00199,1001000199,C0108,B036,Savings,56050.66,USD,2020-01-22,Active,3.09
A00200,1001000200,C0108,B036,Checking,5919.94,USD,2020-05-04,Active,0.05
A00201,1001000201,C0109,B043,Checking,3553.9,USD,2020-01-30,Active,0.05
A00202,1001000202,C0109,B043,Investment,181769.15,USD,2020-02-13,Active,0.0
A00203,1001000203,C0109,B043,Savings,11511.85,USD,2020-01-18,Active,2.16
A00204,1001000204,C0110,B006,Savings,18473.87,USD,2022-02-24,Active,1.12
A00205,1001000205,C0110,B006,Checking,2317.19,USD,2021-12-16,Active,0.05
A00206,1001000206,C0111,B015,Investment,335593.35,USD,2020-03-31,Active,0.0
A00207,1001000207,C0112,B029,Savings,10182.11,USD,2020-01-19,Active,1.89
A00208,1001000208,C0112,B029,Checking,11163.18,USD,2020-05-16,Active,0.05
A00209,1001000209,C0112,B029,Investment,219783.44,USD,2020-04-29,Active,0.0
A00210,1001000210,C0113,B037,Checking,7559.77,USD,2021-02-17,Active,0.05
A00211,1001000211,C0113,B037,Savings,68639.66,USD,2021-01-15,Active,2.88
A00212,1001000212,C0114,B046,Savings,42467.85,USD,2021-05-12,Active,2.09
A00213,1001000213,C0114,B046,Investment,184266.38,USD,2021-06-12,Active,0.0
A00214,1001000214,C0115,B045,Checking,3115.97,USD,2022-04-23,Active,0.05
A00215,1001000215,C0116,B035,Investment,96849.84,USD,2021-04-05,Active,0.0
A00216,1001000216,C0117,B035,Savings,27477.8,USD,2018-04-10,Active,2.81
A00217,1001000217,C0117,B035,Checking,6253.25,USD,2018-06-25,Active,0.05
A00218,1001000218,C0118,B015,Checking,5243.9,USD,2019-02-21,Active,0.05
A00219,1001000219,C0118,B015,Investment,89724.6,USD,2019-05-31,Active,0.0
A00220,1001000220,C0118,B015,Savings,17973.93,USD,2019-03-23,Active,2.31
A00221,1001000221,C0119,B029,Investment,158137.84,USD,2020-11-23,Active,0.0
A00222,1001000222,C0120,B046,Checking,15401.66,USD,2018-03-26,Active,0.05
A00223,1001000223,C0120,B046,Investment,414443.92,USD,2018-05-19,Active,0.0
A00224,1001000224,C0121,B047,Checking,4631.39,USD,2019-09-30,Active,0.05
A00225,1001000225,C0121,B047,Savings,37490.71,USD,2019-12-20,Active,1.65
A00226,1001000226,C0122,B045,Investment,142342.42,USD,2021-12-13,Active,0.0
A00227,1001000227,C0123,B033,Savings,40506.35,USD,2021-08-16,Active,3.94
A00228,1001000228,C0123,B033,Checking,4966.81,USD,2021-03-20,Active,0.05
A00229,1001000229,C0124,B004,Checking,15139.5,USD,2018-10-07,Active,0.05
A00230,1001000230,C0124,B004,Savings,61452.06,USD,2018-10-30,Active,2.59
A00231,1001000231,C0124,B004,Investment,368907.41,USD,2018-11-21,Active,0.0
A00232,1001000232,C0125,B050,Savings,8761.57,USD,2020-01-03,Active,3.79
A00233,1001000233,C0125,B050,Investment,201832.67,USD,2019-12-28,Active,0.0
A00234,1001000234,C0125,B050,Checking,23120.97,USD,2020-04-28,Active,0.05
A00235,1001000235,C0126,B044,Savings,21695.92,USD,2019-05-03,Active,2.42
A00236,1001000236,C0126,B044,Investment,73648.1,USD,2019-04-25,Active,0.0
A00237,1001000237,C0127,B046,Savings,58242.86,USD,2020-01-05,Active,2.5
A00238,1001000238,C0128,B013,Checking,10984.53,USD,2019-09-14,Active,0.05
A00239,1001000239,C0129,B022,Savings,28959.19,USD,2018-06-18,Active,1.06
A00240,1001000240,C0129,B022,Checking,2024.47,USD,2018-06-05,Active,0.05
A00241,1001000241,C0130,B024,Checking,3738.35,USD,2019-06-27,Active,0.05
A00242,1001000242,C0131,B021,Savings,16686.4,USD,2018-07-07,Active,3.4
A00243,1001000243,C0132,B005,Checking,6751.48,USD,2020-06-03,Active,0.05
A00244,1001000244,C0132,B005,Investment,57008.11,USD,2020-03-23,Active,0.0
A00245,1001000245,C0133,B007,Savings,67014.34,USD,2019-05-16,Active,2.72
A00246,1001000246,C0133,B007,Checking,19730.14,USD,2019-03-10,Active,0.05
A00247,1001000247,C0133,B007,Investment,305131.36,USD,2019-05-17,Active,0.0
A00248,1001000248,C0134,B003,Investment,434261.03,USD,2018-12-01,Active,0.0
A00249,1001000249,C0135,B020,Investment,83058.87,USD,2020-10-06,Active,0.0
A00250,1001000250,C0135,B020,Checking,6089.15,USD,2020-10-02,Active,0.05
A00251,1001000251,C0135,B020,Savings,34984.28,USD,2021-01-22,Active,2.49
A00252,1001000252,C0136,B040,Savings,107941.95,USD,2021-04-17,Active,3.79
A00253,1001000253,C0137,B029,Savings,19102.73,USD,2019-04-22,Active,2.1
A00254,1001000254,C0137,B029,Investment,242832.88,USD,2019-06-25,Active,0.0
A00255,1001000255,C0137,B029,Checking,3389.74,USD,2019-06-03,Active,0.05
A00256,1001000256,C0138,B004,Savings,51724.21,USD,2019-03-03,Active,3.73
A00257,1001000257,C0139,B034,Checking,19925.8,USD,2020-11-05,Active,0.05
A00258,1001000258,C0140,B037,Checking,8574.17,USD,2021-04-06,Active,0.05
A00259,1001000259,C0140,B037,Savings,11013.56,USD,2021-02-15,Active,1.96
A00260,1001000260,C0140,B037,Investment,174084.73,USD,2021-01-06,Active,0.0
A00261,1001000261,C0141,B028,Checking,4230.86,USD,2020-03-19,Active,0.05
A00262,1001000262,C0141,B028,Investment,28090.48,USD,2019-12-11,Active,0.0
A00263,1001000263,C0141,B028,Savings,14017.61,USD,2020-02-22,Active,2.45
A00264,1001000264,C0142,B050,Savings,52152.55,USD,2019-02-22,Active,3.1
A00265,1001000265,C0143,B013,Investment,343594.32,USD,2019-09-03,Active,0.0
A00266,1001000266,C0143,B013,Savings,43357.15,USD,2019-04-22,Active,2.92
A00267,1001000267,C0143,B013,Checking,11019.51,USD,2019-04-22,Active,0.05
A00268,1001000268,C0144,B025,Investment,1130050.85,USD,2019-10-17,Active,0.0
A00269,1001000269,C0144,B025,Savings,194768.0,USD,2020-01-23,Active,3.05
A00270,1001000270,C0144,B025,Checking,44604.44,USD,2020-02-15,Active,0.05
A00271,1001000271,C0145,B033,Investment,345049.33,USD,2020-11-14,Active,0.0
A00272,1001000272,C0145,B033,Checking,9573.16,USD,2020-12-06,Active,0.05
A00273,1001000273,C0145,B033,Savings,67307.09,USD,2020-11-07,Active,3.14
A00274,1001000274,C0146,B032,Checking,3991.38,USD,2021-07-23,Active,0.05
A00275,1001000275,C0146,B032,Investment,173188.43,USD,2021-10-10,Active,0.0
A00276,1001000276,C0147,B019,Checking,19536.24,USD,2018-10-26,Active,0.05
A00277,1001000277,C0148,B022,Investment,253850.89,USD,2020-12-31,Active,0.0
A00278,1001000278,C0148,B022,Savings,55228.26,USD,2020-11-05,Active,2.21
A00279,1001000279,C0148,B022,Checking,3404.17,USD,2020-11-29,Active,0.05
A00280,1001000280,C0149,B017,Savings,11316.55,USD,2019-02-25,Active,3.64
A00281,1001000281,C0149,B017,Investment,107366.58,USD,2018-12-20,Active,0.0
A00282,1001000282,C0150,B027,Savings,99256.56,USD,2019-06-30,Active,1.57
A00283,1001000283,C0150,B027,Investment,201866.11,USD,2019-02-28,Active,0.0
A00284,1001000284,C0151,B026,Checking,11822.08,USD,2021-01-20,Active,0.05
A00285,1001000285,C0151,B026,Savings,59447.42,USD,2020-08-26,Active,2.91
A00286,1001000286,C0152,B032,Checking,5439.11,USD,2021-06-16,Active,0.05
A00287,1001000287,C0153,B048,Savings,63539.8,USD,2019-06-29,Active,3.15
A00288,1001000288,C0154,B035,Savings,32914.02,USD,2021-08-06,Active,2.71
A00289,1001000289,C0155,B026,Checking,9881.65,USD,2018-12-09,Active,0.05
A00290,1001000290,C0155,B026,Investment,99163.44,USD,2018-12-14,Active,0.0
A00291,1001000291,C0156,B031,Investment,47165.93,USD,2020-04-06,Active,0.0
A00292,1001000292,C0156,B031,Checking,9007.72,USD,2020-05-14,Active,0.05
A00293,1001000293,C0156,B031,Savings,5973.42,USD,2020-04-14,Active,3.08
A00294,1001000294,C0157,B040,Savings,60944.54,USD,2018-10-19,Active,1.43
A00295,1001000295,C0158,B043,Investment,808666.56,USD,2020-05-31,Active,0.0
A00296,1001000296,C0158,B043,Checking,7066.86,USD,2020-03-14,Active,0.05
A00297,1001000297,C0159,B022,Investment,391205.72,USD,2022-01-17,Active,0.0
A00298,1001000298,C0159,B022,Checking,41329.01,USD,2021-12-11,Active,0.05
A00299,1001000299,C0159,B022,Savings,77878.79,USD,2022-02-09,Active,1.46
A00300,1001000300,C0160,B015,Checking,6791.89,USD,2018-05-02,Active,0.05
A00301,1001000301,C0160,B015,Investment,49684.33,USD,2018-05-02,Active,0.0
A00302,1001000302,C0161,B016,Investment,358298.15,USD,2022-02-21,Active,0.0
A00303,1001000303,C0162,B036,Savings,3701.39,USD,2021-04-28,Active,3.05
A00304,1001000304,C0163,B002,Investment,380118.14,USD,2019-06-02,Active,0.0
A00305,1001000305,C0163,B002,Checking,10857.18,USD,2019-04-17,Active,0.05
A00306,1001000306,C0164,B044,Savings,36550.15,USD,2021-01-27,Active,2.69
A00307,1001000307,C0164,B044,Investment,347149.0,USD,2020-11-19,Active,0.0
A00308,1001000308,C0164,B044,Checking,18961.17,USD,2021-03-29,Active,0.05
A00309,1001000309,C0165,B035,Checking,942.51,USD,2021-11-23,Active,0.05
A00310,1001000310,C0166,B042,Checking,6998.59,USD,2021-11-11,Active,0.05
A00311,1001000311,C0166,B042,Investment,101206.61,USD,2021-10-03,Active,0.0
A00312,1001000312,C0166,B042,Savings,27434.2,USD,2021-10-31,Active,2.84
A00313,1001000313,C0167,B041,Checking,15438.03,USD,2021-08-01,Active,0.05
A00314,1001000314,C0167,B041,Investment,173922.74,USD,2021-09-23,Active,0.0
A00315,1001000315,C0167,B041,Savings,18133.13,USD,2021-08-06,Active,1.86
A00316,1001000316,C0168,B025,Investment,78381.21,USD,2020-07-02,Active,0.0
A00317,1001000317,C0168,B025,Checking,4282.81,USD,2020-09-11,Active,0.05
A00318,1001000318,C0168,B025,Savings,6924.71,USD,2020-11-12,Active,2.38
A00319,1001000319,C0169,B026,Investment,101214.67,USD,2019-07-27,Active,0.0
A00320,1001000320,C0169,B026,Savings,30146.0,USD,2019-08-08,Active,2.25
A00321,1001000321,C0169,B026,Checking,8231.69,USD,2019-07-23,Active,0.05
A00322,1001000322,C0170,B022,Savings,14933.26,USD,2021-02-03,Active,2.59
A00323,1001000323,C0170,B022,Investment,125512.61,USD,2021-01-20,Active,0.0
A00324,1001000324,C0171,B047,Investment,684524.77,USD,2019-07-13,Active,0.0
A00325,1001000325,C0171,B047,Savings,130639.65,USD,2019-05-29,Active,3.38
A00326,1001000326,C0172,B014,Savings,28049.76,USD,2019-09-09,Active,2.63
A00327,1001000327,C0172,B014,Checking,5158.76,USD,2019-10-23,Active,0.05
A00328,1001000328,C0173,B013,Checking,10582.33,USD,2020-05-05,Active,0.05
A00329,1001000329,C0173,B013,Savings,48318.31,USD,2020-07-14,Active,3.81
A00330,1001000330,C0174,B029,Checking,28592.41,USD,2020-08-31,Active,0.05
A00331,1001000331,C0175,B012,Savings,43513.49,USD,2020-03-29,Active,2.73
A00332,1001000332,C0175,B012,Checking,3862.07,USD,2020-04-29,Active,0.05
A00333,1001000333,C0176,B048,Checking,3586.56,USD,2021-03-08,Active,0.05
A00334,1001000334,C0176,B048,Savings,20886.6,USD,2020-10-12,Active,2.88
A00335,1001000335,C0177,B005,Checking,3174.12,USD,2018-12-12,Active,0.05
A00336,1001000336,C0177,B005,Investment,244426.45,USD,2018-12-22,Active,0.0
A00337,1001000337,C0178,B023,Checking,36844.48,USD,2019-07-05,Active,0.05
A00338,1001000338,C0179,B005,Savings,27929.84,USD,2020-11-12,Active,1.95
A00339,1001000339,C0180,B046,Checking,19120.17,USD,2020-08-15,Active,0.05
A00340,1001000340,C0180,B046,Savings,43545.13,USD,2020-05-05,Active,3.64
A00341,1001000341,C0181,B035,Investment,88535.85,USD,2021-03-12,Active,0.0
A00342,1001000342,C0181,B035,Savings,43807.69,USD,2021-01-01,Active,3.1
A00343,1001000343,C0182,B016,Checking,34012.59,USD,2021-04-11,Active,0.05
A00344,1001000344,C0182,B016,Investment,582427.57,USD,2021-04-21,Active,0.0
A00345,1001000345,C0183,B031,Checking,4826.93,USD,2018-05-29,Active,0.05
A00346,1001000346,C0183,B031,Investment,243012.3,USD,2018-08-24,Active,0.0
A00347,1001000347,C0183,B031,Savings,71258.2,USD,2018-07-09,Active,2.75
A00348,1001000348,C0184,B002,Savings,165491.29,USD,2019-05-15,Active,3.96
A00349,1001000349,C0184,B002,Investment,171727.21,USD,2019-03-16,Active,0.0
A00350,1001000350,C0185,B044,Savings,5329.15,USD,2019-12-04,Active,3.81
A00351,1001000351,C0185,B044,Checking,2219.35,USD,2019-11-25,Active,0.05
A00352,1001000352,C0186,B046,Checking,10218.85,USD,2021-08-18,Active,0.05
A00353,1001000353,C0187,B038,Savings,86494.11,USD,2021-02-07,Active,2.1
A00354,1001000354,C0188,B018,Investment,203039.87,USD,2020-01-16,Active,0.0
A00355,1001000355,C0189,B011,Checking,11898.18,USD,2021-08-26,Active,0.05
A00356,1001000356,C0189,B011,Investment,168688.84,USD,2021-10-08,Active,0.0
A00357,1001000357,C0190,B018,Investment,635469.84,USD,2020-06-24,Active,0.0
A00358,1001000358,C0191,B006,Savings,7310.38,USD,2021-02-08,Active,3.93
A00359,1001000359,C0191,B006,Checking,1082.92,USD,2021-01-26,Active,0.05
A00360,1001000360,C0192,B025,Checking,46826.8,USD,2021-01-21,Active,0.05
A00361,1001000361,C0193,B045,Investment,173216.46,USD,2019-06-14,Active,0.0
A00362,1001000362,C0194,B033,Savings,28012.33,USD,2019-06-24,Active,2.03
A00363,1001000363,C0195,B036,Checking,10644.28,USD,2019-04-25,Active,0.05
A00364,1001000364,C0195,B036,Savings,110668.23,USD,2019-04-25,Active,3.76
A00365,1001000365,C0196,B021,Savings,4643.6,USD,2021-03-23,Active,1.39
A00366,1001000366,C0196,B021,Checking,4400.38,USD,2021-04-10,Active,0.05
A00367,1001000367,C0196,B021,Investment,124752.77,USD,2021-04-04,Active,0.0
A00368,1001000368,C0197,B016,Checking,1862.21,USD,2021-03-22,Active,0.05
A00369,1001000369,C0197,B016,Investment,263682.16,USD,2021-06-14,Active,0.0
A00370,1001000370,C0198,B040,Savings,91968.49,USD,2020-05-14,Active,3.9
A00371,1001000371,C0198,B040,Investment,511424.51,USD,2020-04-11,Active,0.0
A00372,1001000372,C0198,B040,Checking,30495.34,USD,2020-02-14,Active,0.05
A00373,1001000373,C0199,B004,Investment,80634.46,USD,2019-10-30,Active,0.0
A00374,1001000374,C0199,B004,Checking,3593.48,USD,2019-11-02,Active,0.05
A00375,1001000375,C0200,B044,Checking,8693.19,USD,2021-12-30,Active,0.05
A00376,1001000376,C0201,B041,Investment,57366.86,USD,2018-12-29,Active,0.0
A00377,1001000377,C0202,B032,Investment,184086.68,USD,2018-08-06,Active,0.0
A00378,1001000378,C0202,B032,Checking,10872.65,USD,2018-03-01,Active,0.05
A00379,1001000379,C0203,B033,Checking,5698.24,USD,2019-09-21,Active,0.05
A00380,1001000380,C0203,B033,Investment,156806.78,USD,2019-12-18,Active,0.0
A00381,1001000381,C0204,B013,Investment,121886.49,USD,2020-08-14,Active,0.0
A00382,1001000382,C0204,B013,Checking,2218.46,USD,2020-10-16,Active,0.05
A00383,1001000383,C0205,B015,Checking,19204.84,USD,2022-01-24,Active,0.05
A00384,1001000384,C0205,B015,Savings,38957.54,USD,2022-02-05,Active,2.24
A00385,1001000385,C0206,B028,Savings,29380.73,USD,2020-04-08,Active,3.21
A00386,1001000386,C0207,B044,Savings,18893.64,USD,2021-11-24,Active,1.48
A00387,1001000387,C0208,B023,Investment,61573.35,USD,2021-12-18,Active,0.0
A00388,1001000388,C0209,B049,Investment,144179.15,USD,2021-10-18,Active,0.0
A00389,1001000389,C0210,B038,Savings,55969.22,USD,2021-01-19,Active,2.82
A00390,1001000390,C0211,B047,Savings,113711.69,USD,2021-12-13,Active,3.43
A00391,1001000391,C0211,B047,Investment,802706.89,USD,2022-01-13,Active,0.0
A00392,1001000392,C0212,B048,Checking,2617.44,USD,2018-11-03,Active,0.05
A00393,1001000393,C0213,B023,Savings,67498.18,USD,2021-12-21,Active,2.38
A00394,1001000394,C0214,B030,Savings,6262.49,USD,2021-03-23,Active,3.25
A00395,1001000395,C0214,B030,Checking,7637.37,USD,2021-01-10,Active,0.05
A00396,1001000396,C0215,B025,Investment,160694.28,USD,2021-05-21,Active,0.0
A00397,1001000397,C0215,B025,Checking,8313.3,USD,2021-11-03,Active,0.05
A00398,1001000398,C0216,B010,Savings,9340.37,USD,2019-03-31,Active,1.05
A00399,1001000399,C0216,B010,Checking,2062.7,USD,2019-02-25,Active,0.05
A00400,1001000400,C0216,B010,Investment,52340.05,USD,2019-04-07,Active,0.0
A00401,1001000401,C0217,B020,Investment,149270.45,USD,2021-04-17,Active,0.0
A00402,1001000402,C0218,B047,Savings,46760.34,USD,2021-09-22,Active,3.55
A00403,1001000403,C0218,B047,Investment,483575.3,USD,2021-06-05,Active,0.0
A00404,1001000404,C0219,B007,Checking,8449.07,USD,2020-01-11,Active,0.05
A00405,1001000405,C0220,B019,Checking,8333.68,USD,2020-04-20,Active,0.05
A00406,1001000406,C0220,B019,Investment,243495.02,USD,2020-03-31,Active,0.0
A00407,1001000407,C0221,B020,Investment,338738.57,USD,2022-01-07,Active,0.0
A00408,1001000408,C0221,B020,Checking,28773.21,USD,2022-02-06,Active,0.05
A00409,1001000409,C0222,B039,Checking,12318.92,USD,2019-01-23,Active,0.05
A00410,1001000410,C0222,B039,Savings,99181.39,USD,2019-01-22,Active,3.59
A00411,1001000411,C0223,B031,Checking,9457.56,USD,2019-04-26,Active,0.05
A00412,1001000412,C0223,B031,Investment,128146.21,USD,2019-04-03,Active,0.0
A00413,1001000413,C0224,B021,Investment,655553.92,USD,2018-11-23,Active,0.0
A00414,1001000414,C0224,B021,Savings,61563.4,USD,2018-12-29,Active,3.38
A00415,1001000415,C0225,B009,Savings,114714.68,USD,2018-12-04,Active,2.72
A00416,1001000416,C0226,B040,Checking,16261.68,USD,2020-09-17,Active,0.05
A00417,1001000417,C0226,B040,Investment,544881.41,USD,2020-08-08,Active,0.0
A00418,1001000418,C0227,B007,Savings,44155.43,USD,2020-05-26,Active,1.24
A00419,1001000419,C0227,B007,Checking,8809.17,USD,2020-03-30,Active,0.05
A00420,1001000420,C0228,B025,Checking,8367.35,USD,2021-03-20,Active,0.05
A00421,1001000421,C0229,B024,Checking,2642.46,USD,2022-01-18,Active,0.05
A00422,1001000422,C0229,B024,Savings,2146.05,USD,2022-01-14,Active,2.07
A00423,1001000423,C0230,B010,Savings,25069.44,USD,2020-03-20,Active,1.94
A00424,1001000424,C0230,B010,Investment,72761.18,USD,2020-04-17,Active,0.0
A00425,1001000425,C0231,B039,Investment,40975.56,USD,2020-05-06,Active,0.0
A00426,1001000426,C0232,B013,Investment,197786.89,USD,2021-12-11,Active,0.0
A00427,1001000427,C0232,B013,Savings,53065.71,USD,2021-09-08,Active,3.46
A00428,1001000428,C0233,B014,Checking,2931.94,USD,2020-09-15,Active,0.05
A00429,1001000429,C0234,B049,Savings,27340.22,USD,2018-11-03,Active,3.33
A00430,1001000430,C0234,B049,Checking,8408.18,USD,2019-01-02,Active,0.05
A00431,1001000431,C0235,B039,Savings,11578.83,USD,2020-08-07,Active,1.82
A00432,1001000432,C0235,B039,Investment,105533.23,USD,2020-10-31,Active,0.0
A00433,1001000433,C0236,B011,Investment,65192.52,USD,2019-08-03,Active,0.0
A00434,1001000434,C0236,B011,Checking,1692.19,USD,2019-10-21,Active,0.05
A00435,1001000435,C0237,B024,Checking,38954.33,USD,2021-09-09,Active,0.05
A00436,1001000436,C0237,B024,Savings,106172.42,USD,2021-11-17,Active,2.89
A00437,1001000437,C0238,B012,Savings,23373.84,USD,2021-11-27,Active,3.28
A00438,1001000438,C0239,B037,Investment,78913.82,USD,2021-01-16,Active,0.0
A00439,1001000439,C0240,B046,Investment,47717.71,USD,2018-04-24,Active,0.0
A00440,1001000440,C0241,B009,Savings,76377.63,USD,2020-01-15,Active,3.82
A00441,1001000441,C0241,B009,Investment,141929.19,USD,2020-02-16,Active,0.0
A00442,1001000442,C0241,B009,Checking,33692.52,USD,2020-02-10,Active,0.05
A00443,1001000443,C0242,B022,Checking,12799.62,USD,2019-09-19,Active,0.05
A00444,1001000444,C0243,B027,Investment,162932.69,USD,2022-02-26,Active,0.0
A00445,1001000445,C0244,B006,Checking,7210.5,USD,2019-02-26,Active,0.05
A00446,1001000446,C0245,B017,Checking,5929.27,USD,2019-05-31,Active,0.05
A00447,1001000447,C0245,B017,Investment,481826.99,USD,2018-12-21,Active,0.0
A00448,1001000448,C0246,B045,Checking,3908.03,USD,2021-01-12,Active,0.05
A00449,1001000449,C0246,B045,Savings,87534.15,USD,2020-12-22,Active,3.85
A00450,1001000450,C0247,B021,Savings,31043.5,USD,2019-03-30,Active,3.3
A00451,1001000451,C0247,B021,Investment,280509.05,USD,2019-05-21,Active,0.0
A00452,1001000452,C0248,B005,Checking,6826.72,USD,2021-03-29,Active,0.05
A00453,1001000453,C0248,B005,Investment,70533.02,USD,2021-06-09,Active,0.0
A00454,1001000454,C0249,B045,Checking,5262.54,USD,2021-11-10,Active,0.05
A00455,1001000455,C0250,B011,Savings,36624.86,USD,2019-12-02,Active,1.02
A00456,1001000456,C0250,B011,Checking,34343.79,USD,2019-09-05,Active,0.05
A00457,1001000457,C0251,B024,Investment,259338.94,USD,2019-09-16,Active,0.0
A00458,1001000458,C0252,B017,Savings,75772.72,USD,2019-11-26,Active,1.78
A00459,1001000459,C0252,B017,Checking,35175.75,USD,2020-02-19,Active,0.05
A00460,1001000460,C0253,B039,Investment,227310.97,USD,2020-12-20,Active,0.0
A00461,1001000461,C0254,B008,Checking,5190.28,USD,2018-03-12,Active,0.05
A00462,1001000462,C0255,B014,Checking,18796.46,USD,2022-02-02,Active,0.05
A00463,1001000463,C0255,B014,Savings,23312.8,USD,2021-10-30,Active,2.78
A00464,1001000464,C0256,B004,Investment,381591.94,USD,2018-06-22,Active,0.0
A00465,1001000465,C0257,B017,Savings,18831.8,USD,2021-03-02,Active,1.65
A00466,1001000466,C0257,B017,Investment,234125.67,USD,2021-03-08,Active,0.0
A00467,1001000467,C0257,B017,Checking,7329.77,USD,2021-04-24,Active,0.05
A00468,1001000468,C0258,B030,Savings,146232.8,USD,2021-06-21,Active,2.44
A00469,1001000469,C0258,B030,Checking,14090.21,USD,2021-07-09,Active,0.05
A00470,1001000470,C0259,B016,Savings,132753.51,USD,2020-05-31,Active,3.56
A00471,1001000471,C0259,B016,Investment,125642.06,USD,2019-12-27,Active,0.0
A00472,1001000472,C0259,B016,Checking,35439.25,USD,2019-12-25,Active,0.05
A00473,1001000473,C0260,B025,Investment,283633.12,USD,2020-02-11,Active,0.0
A00474,1001000474,C0261,B024,Checking,8510.4,USD,2022-02-24,Active,0.05
A00475,1001000475,C0262,B024,Checking,8046.57,USD,2018-11-06,Active,0.05
A00476,1001000476,C0262,B024,Savings,23096.09,USD,2018-12-01,Active,1.1
A00477,1001000477,C0263,B017,Savings,63486.71,USD,2018-12-15,Active,3.66
A00478,1001000478,C0264,B041,Investment,330139.94,USD,2019-05-26,Active,0.0
A00479,1001000479,C0265,B031,Savings,18563.49,USD,2022-03-17,Active,3.17
A00480,1001000480,C0265,B031,Investment,489392.98,USD,2022-04-18,Active,0.0
A00481,1001000481,C0265,B031,Checking,20033.38,USD,2022-01-29,Active,0.05
A00482,1001000482,C0266,B045,Investment,96656.29,USD,2019-03-27,Active,0.0
A00483,1001000483,C0267,B005,Savings,22340.58,USD,2019-08-10,Active,1.09
A00484,1001000484,C0268,B030,Savings,81335.21,USD,2021-12-18,Active,2.73
A00485,1001000485,C0268,B030,Checking,14415.78,USD,2022-02-16,Active,0.05
A00486,1001000486,C0269,B047,Savings,39545.97,USD,2021-02-23,Active,1.07
A00487,1001000487,C0269,B047,Checking,11738.58,USD,2021-02-02,Active,0.05
A00488,1001000488,C0270,B029,Checking,16554.28,USD,2021-08-19,Active,0.05
A00489,1001000489,C0271,B028,Checking,31959.1,USD,2019-10-01,Active,0.05
A00490,1001000490,C0271,B028,Savings,52078.71,USD,2019-12-22,Active,1.27
A00491,1001000491,C0271,B028,Investment,412264.75,USD,2020-01-17,Active,0.0
A00492,1001000492,C0272,B024,Investment,403738.39,USD,2018-09-10,Active,0.0
A00493,1001000493,C0272,B024,Savings,21140.89,USD,2018-07-22,Active,3.21
A00494,1001000494,C0273,B038,Savings,29849.95,USD,2020-04-14,Active,2.04
A00495,1001000495,C0273,B038,Investment,75756.2,USD,2020-07-21,Active,0.0
A00496,1001000496,C0274,B032,Investment,81740.89,USD,2019-11-19,Active,0.0
A00497,1001000497,C0274,B032,Savings,5329.84,USD,2019-09-05,Active,1.76
A00498,1001000498,C0275,B023,Investment,562713.05,USD,2021-07-29,Active,0.0
A00499,1001000499,C0276,B011,Investment,727699.95,USD,2020-09-02,Active,0.0
A00500,1001000500,C0276,B011,Savings,50852.98,USD,2020-09-03,Active,2.02
A00501,1001000501,C0276,B011,Checking,54367.64,USD,2020-05-05,Active,0.05
A00502,1001000502,C0277,B037,Savings,105385.46,USD,2021-02-12,Active,2.19
A00503,1001000503,C0277,B037,Investment,564754.89,USD,2021-03-05,Active,0.0
A00504,1001000504,C0277,B037,Checking,18588.97,USD,2021-03-10,Active,0.05
A00505,1001000505,C0278,B001,Savings,111399.4,USD,2019-06-01,Active,2.99
A00506,1001000506,C0279,B044,Investment,88485.2,USD,2021-11-18,Active,0.0
A00507,1001000507,C0279,B044,Savings,23955.64,USD,2022-01-14,Active,3.39
A00508,1001000508,C0280,B034,Checking,2377.31,USD,2021-09-01,Active,0.05
A00509,1001000509,C0280,B034,Savings,24494.79,USD,2021-07-01,Active,3.06
A00510,1001000510,C0280,B034,Investment,51614.07,USD,2021-11-15,Active,0.0
A00511,1001000511,C0281,B045,Checking,11156.59,USD,2021-02-24,Active,0.05
A00512,1001000512,C0281,B045,Investment,203648.8,USD,2021-02-21,Active,0.0
A00513,1001000513,C0282,B005,Investment,767561.37,USD,2022-02-25,Active,0.0
A00514,1001000514,C0283,B020,Checking,29266.47,USD,2019-09-28,Active,0.05
A00515,1001000515,C0283,B020,Investment,89089.59,USD,2019-08-18,Active,0.0
A00516,1001000516,C0284,B014,Checking,59701.12,USD,2021-04-25,Active,0.05
A00517,1001000517,C0285,B017,Savings,35278.87,USD,2018-04-18,Active,2.27
A00518,1001000518,C0286,B001,Investment,245719.56,USD,2020-11-20,Active,0.0
A00519,1001000519,C0286,B001,Savings,29804.87,USD,2021-01-14,Active,2.29
A00520,1001000520,C0287,B041,Savings,89992.27,USD,2020-03-11,Active,3.93
A00521,1001000521,C0287,B041,Checking,12474.45,USD,2019-11-12,Active,0.05
A00522,1001000522,C0287,B041,Investment,224480.71,USD,2020-03-05,Active,0.0
A00523,1001000523,C0288,B025,Savings,26271.25,USD,2018-06-03,Active,2.76
A00524,1001000524,C0288,B025,Checking,13660.22,USD,2018-08-28,Active,0.05
A00525,1001000525,C0288,B025,Investment,158624.02,USD,2018-03-12,Active,0.0
A00526,1001000526,C0289,B032,Checking,4780.64,USD,2021-12-11,Active,0.05
A00527,1001000527,C0290,B016,Investment,136288.21,USD,2018-12-17,Active,0.0
A00528,1001000528,C0291,B030,Checking,7813.26,USD,2022-03-27,Active,0.05
A00529,1001000529,C0291,B030,Investment,76373.6,USD,2022-02-14,Active,0.0
A00530,1001000530,C0291,B030,Savings,57196.61,USD,2022-03-22,Active,3.11
A00531,1001000531,C0292,B027,Checking,2078.88,USD,2019-11-12,Active,0.05
A00532,1001000532,C0293,B044,Checking,4514.24,USD,2018-02-23,Active,0.05
A00533,1001000533,C0293,B044,Savings,55302.21,USD,2018-04-17,Active,3.09
A00534,1001000534,C0294,B035,Savings,29012.3,USD,2019-04-18,Active,1.35
A00535,1001000535,C0294,B035,Checking,13108.91,USD,2019-04-01,Active,0.05
A00536,1001000536,C0294,B035,Investment,184648.65,USD,2019-01-17,Active,0.0
A00537,1001000537,C0295,B039,Savings,37871.77,USD,2020-01-11,Active,3.06
A00538,1001000538,C0296,B032,Checking,3285.34,USD,2020-08-06,Active,0.05
A00539,1001000539,C0297,B050,Investment,355247.91,USD,2018-08-29,Active,0.0
A00540,1001000540,C0297,B050,Checking,18518.11,USD,2018-12-24,Active,0.05
A00541,1001000541,C0297,B050,Savings,111200.19,USD,2018-10-24,Active,2.48
A00542,1001000542,C0298,B008,Savings,15169.47,USD,2019-09-03,Active,3.22
A00543,1001000543,C0298,B008,Investment,242636.27,USD,2019-07-23,Active,0.0
A00544,1001000544,C0298,B008,Checking,10738.83,USD,2019-09-27,Active,0.05
A00545,1001000545,C0299,B046,Investment,148373.24,USD,2022-01-08,Active,0.0
A00546,1001000546,C0299,B046,Savings,19840.16,USD,2022-04-02,Active,1.1
A00547,1001000547,C0300,B028,Checking,2475.79,USD,2018-06-28,Active,0.05
A00548,1001000548,C0300,B028,Investment,121470.95,USD,2018-04-21,Active,0.0
A00549,1001000549,C0301,B016,Checking,2668.5,USD,2019-02-21,Active,0.05
A00550,1001000550,C0301,B016,Investment,273703.22,USD,2019-07-19,Active,0.0
A00551,1001000551,C0302,B043,Investment,225893.58,USD,2019-01-27,Active,0.0
A00552,1001000552,C0303,B043,Checking,1889.8,USD,2019-06-27,Active,0.05
A00553,1001000553,C0303,B043,Savings,10370.56,USD,2019-07-21,Active,1.44
A00554,1001000554,C0304,B026,Checking,4376.07,USD,2018-02-24,Active,0.05
A00555,1001000555,C0304,B026,Savings,19119.63,USD,2018-07-20,Active,3.0
A00556,1001000556,C0305,B020,Checking,9789.05,USD,2019-10-18,Active,0.05
A00557,1001000557,C0305,B020,Savings,34306.9,USD,2019-10-17,Active,1.57
A00558,1001000558,C0306,B014,Checking,7555.3,USD,2019-01-04,Active,0.05
A00559,1001000559,C0306,B014,Investment,226673.71,USD,2018-08-13,Active,0.0
A00560,1001000560,C0307,B009,Investment,157540.49,USD,2020-07-29,Active,0.0
A00561,1001000561,C0308,B005,Investment,120186.05,USD,2021-08-26,Active,0.0
A00562,1001000562,C0308,B005,Checking,15073.15,USD,2021-08-13,Active,0.05
A00563,1001000563,C0309,B017,Investment,225488.86,USD,2018-09-03,Active,0.0
A00564,1001000564,C0309,B017,Checking,12717.74,USD,2018-12-03,Active,0.05
A00565,1001000565,C0309,B017,Savings,5091.47,USD,2018-11-27,Active,3.01
A00566,1001000566,C0310,B039,Checking,12956.66,USD,2022-01-22,Active,0.05
A00567,1001000567,C0311,B033,Savings,9240.22,USD,2022-03-15,Active,2.56
A00568,1001000568,C0311,B033,Checking,6366.31,USD,2022-02-26,Active,0.05
A00569,1001000569,C0312,B027,Checking,16821.55,USD,2020-07-13,Active,0.05
A00570,1001000570,C0312,B027,Investment,367266.16,USD,2020-06-16,Active,0.0
A00571,1001000571,C0313,B026,Savings,40764.4,USD,2020-03-20,Active,3.42
A00572,1001000572,C0314,B035,Investment,150431.87,USD,2021-03-10,Active,0.0
A00573,1001000573,C0315,B031,Checking,4067.81,USD,2019-03-03,Active,0.05
A00574,1001000574,C0315,B031,Savings,22370.15,USD,2019-03-01,Active,2.68
A00575,1001000575,C0315,B031,Investment,119003.19,USD,2019-02-24,Active,0.0
A00576,1001000576,C0316,B009,Savings,6370.18,USD,2021-03-12,Active,2.47
A00577,1001000577,C0316,B009,Investment,127391.33,USD,2021-05-21,Active,0.0
A00578,1001000578,C0317,B017,Investment,317160.98,USD,2019-12-25,Active,0.0
A00579,1001000579,C0317,B017,Savings,41717.42,USD,2020-01-03,Active,1.68
A00580,1001000580,C0318,B037,Investment,776142.0,USD,2018-04-03,Active,0.0
A00581,1001000581,C0318,B037,Savings,133089.25,USD,2018-05-29,Active,2.55
A00582,1001000582,C0318,B037,Checking,13946.0,USD,2018-07-16,Active,0.05
A00583,1001000583,C0319,B043,Checking,7996.39,USD,2021-06-10,Active,0.05
A00584,1001000584,C0319,B043,Investment,74541.36,USD,2021-06-09,Active,0.0
A00585,1001000585,C0320,B046,Investment,201575.05,USD,2020-04-06,Active,0.0
A00586,1001000586,C0320,B046,Savings,80640.22,USD,2020-02-22,Active,1.52
A00587,1001000587,C0321,B014,Investment,210175.91,USD,2019-01-11,Active,0.0
A00588,1001000588,C0321,B014,Savings,121079.42,USD,2018-11-07,Active,2.12
A00589,1001000589,C0322,B018,Investment,215880.52,USD,2018-08-06,Active,0.0
A00590,1001000590,C0322,B018,Savings,21855.65,USD,2018-07-31,Active,1.22
A00591,1001000591,C0323,B036,Investment,59983.51,USD,2022-01-13,Active,0.0
A00592,1001000592,C0323,B036,Checking,15304.99,USD,2022-03-05,Active,0.05
A00593,1001000593,C0323,B036,Savings,61469.02,USD,2022-01-18,Active,2.65
A00594,1001000594,C0324,B027,Checking,4382.88,USD,2019-02-17,Active,0.05
A00595,1001000595,C0324,B027,Savings,78271.07,USD,2018-11-27,Active,2.47
A00596,1001000596,C0325,B025,Savings,12526.05,USD,2019-04-21,Active,1.37
A00597,1001000597,C0325,B025,Checking,2216.09,USD,2019-04-25,Active,0.05
A00598,1001000598,C0326,B036,Investment,216040.34,USD,2018-06-27,Active,0.0
A00599,1001000599,C0327,B044,Investment,102729.18,USD,2022-06-09,Active,0.0
A00600,1001000600,C0327,B044,Checking,19586.59,USD,2021-12-24,Active,0.05
A00601,1001000601,C0327,B044,Savings,21447.89,USD,2022-03-02,Active,3.93
A00602,1001000602,C0328,B016,Checking,4682.0,USD,2021-04-20,Active,0.05
A00603,1001000603,C0329,B018,Investment,320114.9,USD,2018-09-21,Active,0.0
A00604,1001000604,C0329,B018,Savings,6249.97,USD,2018-10-09,Active,2.75
A00605,1001000605,C0330,B025,Checking,6502.11,USD,2021-02-05,Active,0.05
A00606,1001000606,C0331,B006,Checking,12579.18,USD,2020-06-15,Active,0.05
A00607,1001000607,C0331,B006,Savings,9242.6,USD,2020-07-10,Active,3.54
A00608,1001000608,C0331,B006,Investment,102252.79,USD,2020-10-18,Active,0.0
A00609,1001000609,C0332,B012,Checking,20236.79,USD,2018-04-13,Active,0.05
A00610,1001000610,C0333,B020,Savings,82672.01,USD,2018-11-02,Active,2.8
A00611,1001000611,C0334,B015,Checking,18482.14,USD,2019-12-04,Active,0.05
A00612,1001000612,C0334,B015,Investment,404838.4,USD,2019-11-19,Active,0.0
A00613,1001000613,C0335,B049,Investment,95777.05,USD,2018-07-31,Active,0.0
A00614,1001000614,C0335,B049,Checking,2276.93,USD,2018-11-11,Active,0.05
A00615,1001000615,C0335,B049,Savings,16745.59,USD,2018-10-04,Active,3.37
A00616,1001000616,C0336,B002,Savings,41921.37,USD,2018-05-13,Active,2.16
A00617,1001000617,C0337,B024,Checking,12215.27,USD,2020-02-13,Active,0.05
A00618,1001000618,C0337,B024,Investment,275569.09,USD,2019-10-01,Active,0.0
A00619,1001000619,C0338,B014,Checking,7252.75,USD,2021-11-29,Active,0.05
A00620,1001000620,C0338,B014,Savings,20527.07,USD,2021-11-18,Active,1.87
A00621,1001000621,C0339,B031,Checking,46296.47,USD,2022-03-29,Active,0.05
A00622,1001000622,C0340,B045,Checking,5603.06,USD,2018-07-07,Active,0.05
A00623,1001000623,C0341,B023,Savings,14131.47,USD,2022-02-13,Active,2.47
A00624,1001000624,C0342,B006,Checking,8239.15,USD,2020-08-13,Active,0.05
A00625,1001000625,C0342,B006,Investment,177682.9,USD,2020-08-11,Active,0.0
A00626,1001000626,C0342,B006,Savings,40746.42,USD,2020-11-02,Active,1.51
A00627,1001000627,C0343,B039,Investment,212013.81,USD,2019-11-19,Active,0.0
A00628,1001000628,C0343,B039,Checking,5245.6,USD,2019-10-11,Active,0.05
A00629,1001000629,C0344,B011,Checking,12696.04,USD,2018-05-23,Active,0.05
A00630,1001000630,C0345,B006,Investment,488904.08,USD,2020-09-26,Active,0.0
A00631,1001000631,C0346,B010,Savings,37029.54,USD,2019-11-26,Active,3.75
A00632,1001000632,C0347,B011,Investment,197355.39,USD,2018-07-18,Active,0.0
A00633,1001000633,C0347,B011,Checking,19831.04,USD,2018-11-18,Active,0.05
A00634,1001000634,C0348,B048,Checking,11220.24,USD,2021-04-01,Active,0.05
A00635,1001000635,C0348,B048,Savings,68212.22,USD,2021-02-02,Active,1.71
A00636,1001000636,C0349,B005,Checking,13566.62,USD,2018-04-10,Active,0.05
A00637,1001000637,C0349,B005,Investment,469648.71,USD,2018-06-22,Active,0.0
A00638,1001000638,C0350,B024,Investment,48940.84,USD,2021-03-05,Active,0.0
A00639,1001000639,C0350,B024,Checking,3037.95,USD,2021-01-19,Active,0.05
A00640,1001000640,C0351,B011,Savings,54169.63,USD,2020-12-07,Active,1.06
A00641,1001000641,C0352,B026,Savings,8747.63,USD,2021-11-15,Active,1.47
A00642,1001000642,C0352,B026,Investment,136575.54,USD,2022-03-17,Active,0.0
A00643,1001000643,C0352,B026,Checking,17257.32,USD,2022-03-08,Active,0.05
A00644,1001000644,C0353,B030,Checking,4974.47,USD,2020-10-18,Active,0.05
A00645,1001000645,C0353,B030,Savings,56484.44,USD,2021-02-22,Active,1.49
A00646,1001000646,C0354,B005,Savings,13305.6,USD,2019-01-10,Active,2.38
A00647,1001000647,C0354,B005,Checking,37453.67,USD,2018-12-17,Active,0.05
A00648,1001000648,C0355,B047,Savings,232977.67,USD,2021-10-24,Active,3.83
A00649,1001000649,C0355,B047,Investment,982043.86,USD,2021-12-20,Active,0.0
A00650,1001000650,C0356,B048,Savings,58769.39,USD,2018-11-29,Active,2.22
A00651,1001000651,C0356,B048,Investment,465099.01,USD,2018-08-25,Active,0.0
A00652,1001000652,C0357,B014,Investment,262771.09,USD,2019-09-02,Active,0.0
A00653,1001000653,C0357,B014,Savings,38369.34,USD,2019-11-08,Active,2.24
A00654,1001000654,C0357,B014,Checking,5634.85,USD,2019-08-10,Active,0.05
A00655,1001000655,C0358,B013,Checking,4348.81,USD,2019-03-25,Active,0.05
A00656,1001000656,C0359,B029,Investment,355053.73,USD,2020-05-26,Active,0.0
A00657,1001000657,C0359,B029,Checking,11701.04,USD,2020-04-15,Active,0.05
A00658,1001000658,C0360,B015,Savings,45508.5,USD,2020-01-10,Active,2.2
A00659,1001000659,C0361,B014,Savings,15589.09,USD,2022-01-31,Active,3.88
A00660,1001000660,C0362,B041,Investment,293167.46,USD,2021-12-22,Active,0.0
A00661,1001000661,C0362,B041,Savings,64628.04,USD,2022-03-10,Active,2.16
A00662,1001000662,C0362,B041,Checking,28679.54,USD,2021-10-13,Active,0.05
A00663,1001000663,C0363,B023,Investment,98818.7,USD,2020-09-09,Active,0.0
A00664,1001000664,C0363,B023,Savings,15522.01,USD,2020-07-28,Active,1.99
A00665,1001000665,C0364,B011,Savings,6378.17,USD,2018-10-17,Active,3.13
A00666,1001000666,C0364,B011,Investment,28384.17,USD,2018-12-17,Active,0.0
A00667,1001000667,C0364,B011,Checking,2374.6,USD,2018-12-20,Active,0.05
A00668,1001000668,C0365,B029,Savings,41660.77,USD,2020-09-03,Active,2.84
A00669,1001000669,C0366,B019,Savings,122269.3,USD,2018-05-03,Active,2.76
A00670,1001000670,C0366,B019,Checking,29402.55,USD,2018-05-01,Active,0.05
A00671,1001000671,C0367,B003,Investment,400068.94,USD,2019-04-09,Active,0.0
A00672,1001000672,C0367,B003,Checking,18818.62,USD,2019-06-05,Active,0.05
A00673,1001000673,C0368,B046,Savings,37850.67,USD,2021-08-09,Active,2.91
A00674,1001000674,C0369,B013,Checking,27479.24,USD,2019-08-08,Active,0.05
A00675,1001000675,C0370,B003,Checking,17179.44,USD,2021-02-26,Active,0.05
A00676,1001000676,C0371,B037,Checking,16014.41,USD,2021-03-04,Active,0.05
A00677,1001000677,C0372,B037,Savings,4679.13,USD,2020-05-11,Active,1.2
A00678,1001000678,C0372,B037,Checking,6290.59,USD,2020-09-02,Active,0.05
A00679,1001000679,C0373,B015,Savings,180819.73,USD,2019-10-04,Active,2.48
A00680,1001000680,C0373,B015,Checking,34163.16,USD,2019-12-10,Active,0.05
A00681,1001000681,C0374,B024,Savings,60015.67,USD,2018-07-10,Active,2.64
A00682,1001000682,C0374,B024,Investment,336927.27,USD,2018-07-09,Active,0.0
A00683,1001000683,C0375,B043,Investment,151830.93,USD,2020-02-04,Active,0.0
A00684,1001000684,C0375,B043,Savings,10040.02,USD,2020-04-05,Active,1.07
A00685,1001000685,C0376,B033,Savings,31343.42,USD,2018-05-14,Active,3.17
A00686,1001000686,C0377,B038,Savings,42210.9,USD,2020-10-14,Active,1.77
A00687,1001000687,C0378,B015,Checking,15591.12,USD,2022-01-25,Active,0.05
A00688,1001000688,C0378,B015,Savings,48839.5,USD,2022-04-15,Active,2.52
A00689,1001000689,C0379,B027,Investment,144594.48,USD,2018-06-22,Active,0.0
A00690,1001000690,C0379,B027,Savings,16063.05,USD,2018-10-07,Active,2.44
A00691,1001000691,C0380,B021,Checking,14383.93,USD,2019-06-26,Active,0.05
A00692,1001000692,C0381,B031,Checking,5640.83,USD,2021-01-20,Active,0.05
A00693,1001000693,C0382,B016,Savings,48927.65,USD,2020-06-07,Active,2.48
A00694,1001000694,C0383,B026,Savings,38949.65,USD,2018-04-06,Active,2.83
A00695,1001000695,C0383,B026,Checking,11838.55,USD,2018-07-26,Active,0.05
A00696,1001000696,C0384,B025,Checking,7289.63,USD,2018-09-02,Active,0.05
A00697,1001000697,C0385,B001,Checking,5600.33,USD,2020-03-14,Active,0.05
A00698,1001000698,C0385,B001,Savings,38689.23,USD,2020-08-16,Active,3.38
A00699,1001000699,C0386,B004,Checking,5876.89,USD,2021-07-03,Active,0.05
A00700,1001000700,C0386,B004,Savings,30374.24,USD,2021-11-19,Active,3.53
A00701,1001000701,C0387,B045,Savings,5376.57,USD,2018-04-13,Active,3.68
A00702,1001000702,C0387,B045,Checking,2543.27,USD,2018-06-17,Active,0.05
A00703,1001000703,C0388,B003,Investment,20676.13,USD,2021-03-24,Active,0.0
A00704,1001000704,C0389,B026,Savings,33900.02,USD,2022-01-17,Active,1.87
A00705,1001000705,C0389,B026,Checking,4452.78,USD,2022-02-08,Active,0.05
A00706,1001000706,C0390,B005,Savings,89144.5,USD,2019-11-23,Active,1.78
A00707,1001000707,C0391,B033,Checking,8644.89,USD,2020-12-20,Active,0.05
A00708,1001000708,C0391,B033,Savings,17586.86,USD,2020-09-21,Active,2.18
A00709,1001000709,C0392,B045,Savings,39015.99,USD,2019-10-17,Active,2.53
A00710,1001000710,C0392,B045,Investment,340827.83,USD,2019-11-13,Active,0.0
A00711,1001000711,C0393,B016,Savings,16326.79,USD,2018-09-01,Active,2.38
A00712,1001000712,C0393,B016,Investment,81925.65,USD,2018-03-25,Active,0.0
A00713,1001000713,C0394,B008,Checking,2017.27,USD,2022-04-23,Active,0.05
A00714,1001000714,C0395,B047,Checking,7527.48,USD,2021-05-27,Active,0.05
A00715,1001000715,C0396,B038,Checking,7783.18,USD,2021-10-13,Active,0.05
A00716,1001000716,C0396,B038,Savings,59141.66,USD,2022-03-02,Active,3.0
A00717,1001000717,C0397,B038,Savings,28867.69,USD,2019-07-20,Active,2.97
A00718,1001000718,C0397,B038,Checking,1927.02,USD,2019-06-06,Active,0.05
A00719,1001000719,C0398,B004,Checking,27822.86,USD,2020-09-10,Active,0.05
A00720,1001000720,C0399,B032,Savings,99388.99,USD,2021-12-16,Active,2.19
A00721,1001000721,C0400,B021,Investment,155458.17,USD,2019-05-29,Active,0.0
A00722,1001000722,C0400,B021,Savings,38864.33,USD,2019-02-15,Active,1.55
A00723,1001000723,C0401,B027,Investment,679017.86,USD,2020-08-26,Active,0.0
A00724,1001000724,C0401,B027,Savings,30695.12,USD,2020-08-02,Active,3.65
A00725,1001000725,C0401,B027,Checking,21393.83,USD,2020-10-06,Active,0.05
A00726,1001000726,C0402,B013,Savings,69462.72,USD,2020-04-30,Active,3.31
A00727,1001000727,C0402,B013,Checking,16234.16,USD,2020-02-16,Active,0.05
A00728,1001000728,C0402,B013,Investment,630919.17,USD,2020-02-24,Active,0.0
A00729,1001000729,C0403,B007,Savings,44138.92,USD,2021-06-12,Active,3.91
A00730,1001000730,C0404,B022,Investment,335696.98,USD,2021-02-13,Active,0.0
A00731,1001000731,C0405,B026,Investment,196885.98,USD,2020-03-19,Active,0.0
A00732,1001000732,C0406,B013,Investment,111574.39,USD,2021-02-21,Active,0.0
A00733,1001000733,C0406,B013,Checking,6318.1,USD,2021-02-07,Active,0.05
A00734,1001000734,C0406,B013,Savings,42531.89,USD,2020-12-04,Active,2.37
A00735,1001000735,C0407,B027,Investment,122002.95,USD,2021-02-20,Active,0.0
A00736,1001000736,C0408,B027,Savings,58750.94,USD,2020-11-23,Active,3.5
A00737,1001000737,C0408,B027,Checking,7983.3,USD,2020-12-12,Active,0.05
A00738,1001000738,C0409,B003,Investment,424099.9,USD,2021-12-18,Active,0.0
A00739,1001000739,C0409,B003,Savings,100975.94,USD,2022-04-11,Active,1.12
A00740,1001000740,C0409,B003,Checking,14201.63,USD,2021-12-17,Active,0.05
A00741,1001000741,C0410,B005,Savings,4333.37,USD,2019-09-11,Active,3.61
A00742,1001000742,C0410,B005,Investment,226768.33,USD,2019-09-01,Active,0.0
A00743,1001000743,C0411,B032,Investment,94772.6,USD,2018-12-13,Active,0.0
A00744,1001000744,C0411,B032,Checking,2870.41,USD,2018-08-23,Active,0.05
A00745,1001000745,C0412,B025,Checking,2251.4,USD,2021-09-29,Active,0.05
A00746,1001000746,C0412,B025,Savings,8683.83,USD,2021-05-05,Active,3.06
A00747,1001000747,C0412,B025,Investment,71603.48,USD,2021-06-16,Active,0.0
A00748,1001000748,C0413,B002,Savings,80666.98,USD,2018-02-19,Active,3.19
A00749,1001000749,C0413,B002,Investment,301954.85,USD,2018-06-27,Active,0.0
A00750,1001000750,C0413,B002,Checking,7144.53,USD,2018-02-17,Active,0.05
A00751,1001000751,C0414,B014,Savings,63796.19,USD,2019-07-08,Active,3.3
A00752,1001000752,C0414,B014,Checking,15043.1,USD,2019-09-11,Active,0.05
A00753,1001000753,C0414,B014,Investment,580285.87,USD,2019-10-06,Active,0.0
A00754,1001000754,C0415,B010,Checking,23997.63,USD,2020-09-30,Active,0.05
A00755,1001000755,C0416,B005,Investment,42839.43,USD,2020-02-21,Active,0.0
A00756,1001000756,C0416,B005,Checking,3857.63,USD,2020-03-05,Active,0.05
A00757,1001000757,C0416,B005,Savings,29831.94,USD,2020-02-25,Active,3.34
A00758,1001000758,C0417,B031,Investment,318824.05,USD,2020-12-17,Active,0.0
A00759,1001000759,C0417,B031,Savings,62970.22,USD,2020-12-25,Active,2.06
A00760,1001000760,C0418,B035,Investment,290818.59,USD,2018-10-10,Active,0.0
A00761,1001000761,C0418,B035,Checking,12993.61,USD,2018-05-27,Active,0.05
A00762,1001000762,C0418,B035,Savings,62614.7,USD,2018-07-31,Active,1.49
A00763,1001000763,C0419,B045,Investment,86590.25,USD,2020-05-06,Active,0.0
A00764,1001000764,C0420,B022,Savings,31662.95,USD,2018-12-23,Active,2.3
A00765,1001000765,C0421,B026,Checking,3560.11,USD,2018-10-20,Active,0.05
A00766,1001000766,C0421,B026,Investment,143910.86,USD,2018-10-07,Active,0.0
A00767,1001000767,C0422,B005,Investment,288627.94,USD,2019-12-22,Active,0.0
A00768,1001000768,C0422,B005,Checking,10153.85,USD,2019-12-13,Active,0.05
A00769,1001000769,C0423,B042,Savings,12023.88,USD,2020-07-18,Active,1.13
A00770,1001000770,C0424,B037,Savings,5451.5,USD,2020-05-18,Active,2.99
A00771,1001000771,C0425,B027,Investment,200237.13,USD,2018-11-10,Active,0.0
A00772,1001000772,C0425,B027,Checking,1817.49,USD,2018-08-08,Active,0.05
A00773,1001000773,C0426,B036,Checking,11932.35,USD,2020-01-30,Active,0.05
A00774,1001000774,C0426,B036,Investment,452092.83,USD,2019-12-07,Active,0.0
A00775,1001000775,C0427,B003,Investment,437963.6,USD,2022-02-27,Active,0.0
A00776,1001000776,C0428,B028,Savings,28040.08,USD,2021-05-14,Active,1.16
A00777,1001000777,C0428,B028,Checking,5643.16,USD,2021-04-03,Active,0.05
A00778,1001000778,C0429,B025,Checking,10216.98,USD,2019-09-09,Active,0.05
A00779,1001000779,C0429,B025,Savings,98909.11,USD,2019-08-28,Active,3.93
A00780,1001000780,C0430,B020,Investment,95858.52,USD,2019-10-05,Active,0.0
A00781,1001000781,C0431,B019,Savings,17841.63,USD,2019-11-08,Active,1.28
A00782,1001000782,C0432,B039,Savings,45190.77,USD,2022-02-08,Active,1.29
A00783,1001000783,C0432,B039,Checking,22214.97,USD,2022-02-22,Active,0.05
A00784,1001000784,C0432,B039,Investment,506720.57,USD,2022-01-18,Active,0.0
A00785,1001000785,C0433,B038,Checking,2735.9,USD,2019-03-05,Active,0.05
A00786,1001000786,C0433,B038,Investment,326888.21,USD,2019-05-05,Active,0.0
A00787,1001000787,C0434,B006,Investment,443405.79,USD,2022-04-03,Active,0.0
A00788,1001000788,C0434,B006,Savings,32983.83,USD,2021-10-27,Active,3.69
A00789,1001000789,C0435,B027,Checking,7605.06,USD,2021-02-05,Active,0.05
A00790,1001000790,C0436,B009,Checking,12772.02,USD,2021-01-25,Active,0.05
A00791,1001000791,C0436,B009,Investment,34405.95,USD,2020-12-28,Active,0.0
A00792,1001000792,C0437,B024,Savings,19504.8,USD,2021-06-06,Active,1.79
A00793,1001000793,C0438,B016,Investment,118802.26,USD,2018-07-14,Active,0.0
A00794,1001000794,C0438,B016,Savings,80554.15,USD,2018-02-24,Active,3.1
A00795,1001000795,C0438,B016,Checking,14565.07,USD,2018-02-02,Active,0.05
A00796,1001000796,C0439,B047,Investment,70352.59,USD,2019-05-02,Active,0.0
A00797,1001000797,C0439,B047,Checking,7193.88,USD,2019-02-21,Active,0.05
A00798,1001000798,C0440,B034,Savings,83695.01,USD,2021-06-14,Active,3.19
A00799,1001000799,C0441,B016,Checking,5013.84,USD,2021-02-17,Active,0.05
A00800,1001000800,C0441,B016,Savings,29516.02,USD,2020-11-13,Active,3.48
A00801,1001000801,C0442,B026,Investment,331860.24,USD,2022-05-14,Active,0.0
A00802,1001000802,C0443,B016,Investment,299481.36,USD,2019-08-23,Active,0.0
A00803,1001000803,C0444,B017,Investment,93672.92,USD,2020-02-17,Active,0.0
A00804,1001000804,C0444,B017,Savings,65682.28,USD,2020-03-23,Active,1.57
A00805,1001000805,C0445,B037,Checking,7763.66,USD,2019-03-06,Active,0.05
A00806,1001000806,C0445,B037,Investment,38542.8,USD,2019-01-12,Active,0.0
A00807,1001000807,C0446,B016,Investment,105527.9,USD,2019-08-01,Active,0.0
A00808,1001000808,C0447,B009,Checking,27818.3,USD,2021-08-11,Active,0.05
A00809,1001000809,C0447,B009,Savings,7523.42,USD,2021-04-14,Active,1.63
A00810,1001000810,C0448,B001,Investment,365952.9,USD,2020-05-20,Active,0.0
A00811,1001000811,C0448,B001,Checking,9930.57,USD,2020-07-10,Active,0.05
A00812,1001000812,C0448,B001,Savings,138024.18,USD,2020-04-19,Active,3.61
A00813,1001000813,C0449,B025,Checking,4546.33,USD,2018-06-15,Active,0.05
A00814,1001000814,C0449,B025,Savings,31579.21,USD,2018-08-02,Active,1.44
A00815,1001000815,C0449,B025,Investment,79076.96,USD,2018-10-12,Active,0.0
A00816,1001000816,C0450,B043,Investment,269766.07,USD,2021-12-01,Active,0.0
A00817,1001000817,C0450,B043,Savings,46126.75,USD,2022-01-10,Active,1.76
A00818,1001000818,C0450,B043,Checking,12620.27,USD,2021-10-07,Active,0.05
A00819,1001000819,C0451,B004,Investment,159647.73,USD,2018-08-12,Active,0.0
A00820,1001000820,C0451,B004,Savings,24617.56,USD,2018-07-27,Active,3.64
A00821,1001000821,C0452,B012,Savings,43829.35,USD,2020-12-25,Active,2.42
A00822,1001000822,C0453,B030,Savings,13076.11,USD,2019-05-12,Active,1.67
A00823,1001000823,C0454,B018,Savings,22651.57,USD,2020-01-18,Active,2.44
A00824,1001000824,C0454,B018,Investment,329300.25,USD,2019-10-02,Active,0.0
A00825,1001000825,C0455,B042,Savings,20892.64,USD,2022-04-08,Active,3.85
A00826,1001000826,C0455,B042,Investment,267955.58,USD,2022-01-05,Active,0.0
A00827,1001000827,C0456,B047,Savings,17660.85,USD,2020-05-08,Active,3.07
A00828,1001000828,C0457,B034,Checking,3331.01,USD,2022-04-27,Active,0.05
A00829,1001000829,C0457,B034,Investment,542172.82,USD,2021-12-30,Active,0.0
A00830,1001000830,C0457,B034,Savings,32518.68,USD,2022-02-03,Active,1.85
A00831,1001000831,C0458,B043,Investment,181875.61,USD,2019-01-07,Active,0.0
A00832,1001000832,C0458,B043,Checking,1389.99,USD,2018-08-30,Active,0.05
A00833,1001000833,C0459,B045,Investment,78761.66,USD,2021-10-08,Active,0.0
A00834,1001000834,C0460,B013,Checking,3202.07,USD,2020-10-31,Active,0.05
A00835,1001000835,C0461,B028,Savings,107816.4,USD,2020-09-19,Active,2.89
A00836,1001000836,C0461,B028,Investment,758937.08,USD,2020-09-02,Active,0.0
A00837,1001000837,C0462,B023,Checking,4197.35,USD,2019-08-25,Active,0.05
A00838,1001000838,C0462,B023,Savings,28707.71,USD,2019-09-30,Active,1.97
A00839,1001000839,C0463,B049,Checking,5864.2,USD,2019-02-16,Active,0.05
A00840,1001000840,C0464,B036,Checking,7893.92,USD,2019-02-09,Active,0.05
A00841,1001000841,C0465,B009,Checking,15072.27,USD,2018-09-14,Active,0.05
A00842,1001000842,C0465,B009,Savings,34285.94,USD,2018-08-11,Active,2.6
A00843,1001000843,C0466,B036,Savings,97700.69,USD,2018-09-08,Active,1.66
A00844,1001000844,C0467,B007,Checking,4290.48,USD,2021-05-28,Active,0.05
A00845,1001000845,C0468,B018,Investment,185165.4,USD,2019-05-10,Active,0.0
A00846,1001000846,C0468,B018,Savings,15606.93,USD,2019-05-17,Active,1.71
A00847,1001000847,C0469,B017,Investment,287400.72,USD,2020-03-09,Active,0.0
A00848,1001000848,C0470,B016,Investment,195147.37,USD,2018-12-22,Active,0.0
A00849,1001000849,C0470,B016,Savings,11748.32,USD,2018-08-07,Active,3.27
A00850,1001000850,C0470,B016,Checking,12515.29,USD,2018-12-09,Active,0.05
A00851,1001000851,C0471,B014,Checking,3010.17,USD,2020-07-03,Active,0.05
A00852,1001000852,C0471,B014,Investment,201123.32,USD,2020-07-22,Active,0.0
A00853,1001000853,C0471,B014,Savings,20448.43,USD,2020-05-25,Active,2.28
A00854,1001000854,C0472,B049,Investment,106639.23,USD,2021-08-15,Active,0.0
A00855,1001000855,C0472,B049,Checking,35273.17,USD,2021-12-15,Active,0.05
A00856,1001000856,C0472,B049,Savings,11849.63,USD,2021-09-04,Active,1.83
A00857,1001000857,C0473,B015,Savings,80930.35,USD,2020-07-10,Active,1.59
A00858,1001000858,C0473,B015,Checking,7504.69,USD,2020-08-01,Active,0.05
A00859,1001000859,C0473,B015,Investment,285327.29,USD,2020-11-03,Active,0.0
A00860,1001000860,C0474,B040,Checking,8313.45,USD,2020-09-30,Active,0.05
A00861,1001000861,C0474,B040,Investment,359674.08,USD,2020-10-24,Active,0.0
A00862,1001000862,C0475,B028,Savings,45423.05,USD,2022-01-18,Active,1.48
A00863,1001000863,C0475,B028,Investment,35430.8,USD,2022-01-17,Active,0.0
A00864,1001000864,C0475,B028,Checking,1770.82,USD,2021-11-27,Active,0.05
A00865,1001000865,C0476,B027,Checking,22147.58,USD,2019-07-18,Active,0.05
A00866,1001000866,C0476,B027,Investment,106278.72,USD,2019-09-08,Active,0.0
A00867,1001000867,C0477,B015,Investment,277760.81,USD,2021-05-18,Active,0.0
A00868,1001000868,C0478,B046,Investment,382993.17,USD,2018-07-21,Active,0.0
A00869,1001000869,C0478,B046,Savings,71400.77,USD,2018-11-27,Active,2.78
A00870,1001000870,C0479,B029,Savings,42917.45,USD,2021-05-25,Active,3.38
A00871,1001000871,C0479,B029,Checking,6488.26,USD,2021-08-17,Active,0.05
A00872,1001000872,C0480,B047,Checking,3140.52,USD,2019-09-30,Active,0.05
A00873,1001000873,C0481,B035,Savings,44677.44,USD,2018-03-09,Active,3.62
A00874,1001000874,C0482,B009,Checking,7292.09,USD,2019-08-20,Active,0.05
A00875,1001000875,C0482,B009,Investment,182634.38,USD,2019-05-04,Active,0.0
A00876,1001000876,C0483,B026,Investment,47538.3,USD,2019-12-21,Active,0.0
A00877,1001000877,C0483,B026,Checking,8122.44,USD,2020-01-03,Active,0.05
A00878,1001000878,C0484,B016,Checking,7486.39,USD,2019-10-27,Active,0.05
A00879,1001000879,C0484,B016,Investment,93476.55,USD,2019-10-20,Active,0.0
A00880,1001000880,C0485,B017,Savings,62239.47,USD,2019-09-01,Active,3.48
A00881,1001000881,C0485,B017,Investment,269219.93,USD,2019-10-12,Active,0.0
A00882,1001000882,C0486,B015,Investment,109074.91,USD,2021-06-25,Active,0.0
A00883,1001000883,C0487,B029,Checking,4956.13,USD,2020-01-25,Active,0.05
A00884,1001000884,C0488,B048,Savings,18113.2,USD,2021-10-20,Active,1.83
A00885,1001000885,C0488,B048,Investment,63155.49,USD,2021-07-28,Active,0.0
A00886,1001000886,C0489,B050,Investment,1474260.23,USD,2020-04-06,Active,0.0
A00887,1001000887,C0489,B050,Checking,14681.07,USD,2020-05-11,Active,0.05
A00888,1001000888,C0490,B041,Investment,142572.06,USD,2020-06-23,Active,0.0
A00889,1001000889,C0490,B041,Checking,19246.59,USD,2020-05-31,Active,0.05
A00890,1001000890,C0491,B035,Investment,130801.39,USD,2021-11-10,Active,0.0
A00891,1001000891,C0491,B035,Savings,114177.25,USD,2021-07-10,Active,2.81
A00892,1001000892,C0492,B021,Investment,194224.68,USD,2019-06-09,Active,0.0
A00893,1001000893,C0492,B021,Checking,8062.14,USD,2019-04-15,Active,0.05
A00894,1001000894,C0492,B021,Savings,14537.08,USD,2019-03-09,Active,1.26
A00895,1001000895,C0493,B037,Investment,213403.23,USD,2021-08-08,Active,0.0
A00896,1001000896,C0493,B037,Savings,103882.77,USD,2021-05-11,Active,1.23
A00897,1001000897,C0494,B019,Savings,11690.72,USD,2021-09-28,Active,2.41
A00898,1001000898,C0494,B019,Checking,4021.72,USD,2021-05-28,Active,0.05
A00899,1001000899,C0494,B019,Investment,26793.12,USD,2021-06-03,Active,0.0
A00900,1001000900,C0495,B017,Checking,12182.61,USD,2019-11-26,Active,0.05
A00901,1001000901,C0496,B024,Investment,706767.05,USD,2018-08-05,Active,0.0
A00902,1001000902,C0497,B025,Investment,146591.42,USD,2021-07-16,Active,0.0
A00903,1001000903,C0498,B018,Investment,291533.32,USD,2021-10-28,Active,0.0
A00904,1001000904,C0499,B004,Savings,20037.48,USD,2020-04-04,Active,1.51
A00905,1001000905,C0500,B003,Investment,120000.34,USD,2020-07-08,Active,0.0
