holding_id,account_id,stock_id,shares,purchase_price,purchase_date,current_value,percentage_of_portfolio
H00001,A00001,S034,444,334.08,2019-02-04,141640.44,30.2
H00002,A00001,S181,10403,18.65,2022-07-27,174978.46,37.3
H00003,A00001,S196,1522,118.36,2021-12-12,152504.4,32.5
H00004,A00005,S005,477,141.43,2019-09-08,60192.63,54.7
H00005,A00005,S200,944,60.56,2020-06-01,49880.96,45.3
H00006,A00008,S183,129,363.53,2020-06-13,44652.06,16.9
H00007,A00008,S063,930,122.14,2022-08-11,95864.4,36.4
H00008,A00008,S074,1320,61.17,2021-08-28,92703.6,35.2
H00009,A00008,S181,1800,16.81,2020-05-24,30276.0,11.5
H00010,A00010,S162,467,217.53,2022-10-10,113266.18,17.6
H00011,A00010,S061,452,270.78,2022-11-27,148138.48,23.0
H00012,A00010,S127,317,341.8,2022-10-20,112861.51,17.5
H00013,A00010,S095,2930,45.01,2019-12-16,143657.9,22.3
H00014,A00010,S148,1130,113.28,2022-08-14,126899.0,19.7
H00015,A00013,S142,1752,47.78,2019-09-25,86478.72,45.4
H00016,A00013,S111,922,46.16,2021-12-18,44929.06,23.6
H00017,A00013,S177,937,61.29,2019-08-02,59059.11,31.0
H00018,A00015,S017,1744,77.45,2021-03-10,165470.72,53.4
H00019,A00015,S074,798,64.38,2022-07-17,56043.54,18.1
H00020,A00015,S059,956,88.3,2020-12-27,88305.72,28.5
H00021,A00017,S027,440,113.64,2020-04-14,52012.4,43.4
H00022,A00017,S163,561,113.74,2021-01-25,58624.5,48.9
H00023,A00017,S003,31,281.01,2022-10-31,9307.13,7.7
H00024,A00020,S069,274,235.78,2019-02-17,55474.04,31.0
H00025,A00020,S034,387,340.53,2021-08-20,123456.87,69.0
H00026,A00023,S072,163,327.28,2021-12-22,45056.46,21.3
H00027,A00023,S196,572,100.41,2019-02-16,57314.4,27.0
H00028,A00023,S165,1157,56.7,2019-08-12,59168.98,27.9
H00029,A00023,S095,1025,46.45,2022-02-12,50255.75,23.7
H00030,A00024,S125,83,133.58,2022-11-28,11241.52,19.1
H00031,A00024,S167,25,308.34,2022-11-10,9348.0,16.0
H00032,A00024,S044,119,109.78,2020-08-16,13957.51,23.7
H00033,A00024,S116,43,258.56,2019-04-28,10344.94,17.5
H00034,A00024,S198,301,55.07,2020-08-19,13846.0,23.6
H00035,A00027,S110,2945,83.03,2020-12-28,205855.5,49.1
H00036,A00027,S180,1059,176.9,2021-12-13,213430.86,50.9
H00037,A00029,S081,882,146.45,2019-10-17,118355.58,36.3
H00038,A00029,S161,4493,42.03,2019-07-04,168262.85,51.6
H00039,A00029,S056,359,92.01,2022-05-13,39425.38,12.1
H00040,A00031,S174,104,304.21,2022-05-27,31085.6,27.9
H00041,A00031,S192,441,105.19,2020-05-08,38975.58,34.9
H00042,A00031,S073,176,245.91,2022-07-16,41722.56,37.3
H00043,A00033,S071,1766,47.52,2020-04-07,79346.38,71.1
H00044,A00033,S162,133,197.84,2021-04-12,32257.82,28.9
H00045,A00039,S028,505,106.18,2021-10-31,51323.15,31.3
H00046,A00039,S158,410,138.22,2020-11-01,56744.0,34.6
H00047,A00039,S123,404,165.68,2019-07-15,55937.84,34.1
H00048,A00042,S134,276,142.13,2019-01-18,38847.0,26.4
H00049,A00042,S020,106,281.32,2020-01-14,37076.68,25.3
H00050,A00042,S165,705,45.18,2019-02-24,36053.7,24.5
H00051,A00042,S142,709,59.18,2019-03-02,34996.24,23.8
H00052,A00048,S056,213,128.46,2020-05-15,23391.66,17.4
H00053,A00048,S165,650,54.99,2020-11-14,33241.0,24.7
H00054,A00048,S020,67,345.9,2022-12-10,23435.26,17.5
H00055,A00048,S046,323,73.58,2020-08-03,23792.18,17.7
H00056,A00048,S006,85,407.77,2022-05-05,30694.35,22.7
H00057,A00054,S059,2575,107.77,2022-06-25,237852.75,51.1
H00058,A00054,S048,1624,150.25,2021-03-13,227603.6,48.9
H00059,A00057,S114,5879,30.31,2022-05-21,214583.5,33.1
H00060,A00057,S069,672,167.71,2019-09-10,136053.12,21.0
H00061,A00057,S173,947,360.19,2022-08-02,297036.02,45.8
H00062,A00058,S107,1169,134.71,2019-02-24,158913.86,21.9
H00063,A00058,S149,698,346.72,2021-04-14,233913.76,32.2
H00064,A00058,S049,1873,66.02,2019-11-19,140849.6,19.4
H00065,A00058,S058,2196,102.67,2022-05-27,191622.96,26.4
H00066,A00061,S183,61,323.32,2021-05-06,21114.54,24.7
H00067,A00061,S004,464,115.11,2020-06-06,64296.48,75.3
H00068,A00062,S199,617,195.62,2021-11-30,131538.23,45.4
H00069,A00062,S062,3212,50.0,2019-03-29,158319.48,54.6
H00070,A00064,S022,901,110.57,2021-03-20,99929.91,35.7
H00071,A00064,S152,1040,111.89,2019-04-05,119787.2,42.8
H00072,A00064,S071,1346,45.28,2019-07-16,60475.78,21.6
H00073,A00068,S055,1399,63.81,2020-01-31,75937.72,34.5
H00074,A00068,S006,180,415.25,2019-04-24,64999.8,29.6
H00075,A00068,S031,1371,58.25,2020-02-21,79216.38,36.0
H00076,A00069,S172,459,242.87,2019-02-25,97064.73,30.3
H00077,A00069,S094,2881,56.95,2022-11-03,171880.46,53.7
H00078,A00069,S017,540,93.2,2020-10-18,51235.2,16.0
H00079,A00073,S089,1181,44.01,2020-11-28,58565.79,42.4
H00080,A00073,S011,742,101.03,2021-05-30,79549.82,57.6
H00081,A00074,S011,1394,112.63,2021-09-20,149450.74,71.3
H00082,A00074,S053,444,131.33,2022-02-23,60126.48,28.7
H00083,A00076,S035,82,340.37,2019-03-24,30464.64,26.6
H00084,A00076,S050,169,115.49,2020-09-14,23061.74,20.1
H00085,A00076,S067,328,114.68,2019-01-11,32468.72,28.4
H00086,A00076,S031,493,64.57,2021-07-05,28485.54,24.9
H00087,A00084,S082,1362,72.88,2021-12-18,85193.1,31.0
H00088,A00084,S171,287,238.81,2019-04-05,80199.28,29.2
H00089,A00084,S116,455,212.86,2022-08-14,109463.9,39.8
H00090,A00086,S096,20983,51.49,2022-11-16,1139376.9,61.8
H00091,A00086,S137,3377,117.65,2022-05-25,368700.86,20.0
H00092,A00086,S014,4559,83.09,2021-11-05,335542.4,18.2
H00093,A00091,S114,2007,33.42,2022-03-21,73255.5,56.0
H00094,A00091,S136,171,234.67,2019-02-02,45981.9,35.1
H00095,A00091,S168,1158,10.92,2021-07-16,11649.48,8.9
H00096,A00093,S111,2285,52.75,2022-07-01,111348.05,37.8
H00097,A00093,S092,793,65.98,2021-05-11,44455.58,15.1
H00098,A00093,S038,960,160.34,2022-03-18,139094.4,47.2
H00099,A00096,S116,447,265.55,2022-10-16,107539.26,26.3
H00100,A00096,S012,469,223.96,2021-07-23,98044.45,24.0
H00101,A00096,S030,708,125.04,2021-12-05,105916.8,25.9
H00102,A00096,S018,1416,63.1,2022-01-01,97307.52,23.8
H00103,A00101,S147,343,30.45,2022-03-03,12162.78,32.6
H00104,A00101,S050,97,114.79,2019-02-13,13236.62,35.3
H00105,A00101,S043,140,94.86,2020-09-26,11975.6,32.1
H00106,A00105,S039,418,129.46,2020-01-14,61763.68,29.3
H00107,A00105,S089,1755,56.32,2020-04-01,87030.45,41.3
H00108,A00105,S133,681,42.63,2019-10-17,31632.45,15.0
H00109,A00105,S076,725,46.14,2021-05-30,30123.75,14.3
H00110,A00107,S047,1398,49.77,2022-02-16,85990.98,25.2
H00111,A00107,S196,1022,99.12,2021-03-26,102404.4,30.0
H00112,A00107,S024,1220,56.11,2021-07-25,64818.6,19.0
H00113,A00107,S096,1628,60.03,2019-03-04,88400.4,25.9
H00114,A00115,S096,1295,54.73,2020-03-27,70318.5,18.2
H00115,A00115,S029,211,359.32,2022-09-18,81496.64,21.1
H00116,A00115,S032,1490,45.89,2021-01-10,65679.2,17.0
H00117,A00115,S094,1483,63.24,2021-12-01,88475.78,22.9
H00118,A00115,S021,546,126.4,2022-02-23,80676.96,20.9
H00119,A00118,S015,2044,48.31,2021-04-14,85214.36,32.7
H00120,A00118,S020,259,403.97,2019-08-30,90593.02,34.7
H00121,A00118,S146,738,137.19,2022-11-24,84892.14,32.6
H00122,A00124,S013,629,43.85,2021-01-04,26619.28,21.1
H00123,A00124,S104,80,295.0,2019-10-28,23187.2,18.4
H00124,A00124,S195,815,30.88,2020-06-28,25851.8,20.5
H00125,A00124,S134,211,117.86,2022-02-01,29698.25,23.5
H00126,A00124,S040,73,272.84,2021-02-13,20899.9,16.5
H00127,A00126,S110,700,56.34,2021-09-13,48930.0,31.5
H00128,A00126,S083,60,327.89,2019-07-21,17511.0,11.2
H00129,A00126,S036,780,121.96,2022-11-05,89005.8,57.3
H00130,A00130,S192,1739,81.79,2020-11-20,153692.82,49.0
H00131,A00130,S183,462,412.66,2019-09-04,159916.68,51.0
H00132,A00134,S155,526,26.21,2022-04-18,16037.74,40.6
H00133,A00134,S170,178,93.63,2020-09-28,14900.38,37.8
H00134,A00134,S105,67,146.87,2020-07-10,8632.28,21.7
H00135,A00136,S090,77,759.14,2022-09-29,73031.42,21.8
H00136,A00136,S026,597,137.6,2021-06-08,72004.17,21.4
H00137,A00136,S174,239,310.9,2021-03-08,71437.1,21.2
H00138,A00136,S166,48,872.14,2019-04-23,50739.84,15.1
H00139,A00136,S030,461,126.67,2021-03-03,68965.6,20.5
H00140,A00137,S094,821,67.38,2019-02-22,48980.86,18.1
H00141,A00137,S016,1061,35.09,2019-05-16,45453.24,16.8
H00142,A00137,S127,137,338.26,2019-04-25,48776.11,18.0
H00143,A00137,S077,1276,49.63,2020-07-25,60610.0,22.4
H00144,A00137,S045,1392,39.97,2022-07-13,66871.68,24.7
H00145,A00142,S159,965,272.02,2019-12-29,267517.3,69.1
H00146,A00142,S176,454,301.54,2021-12-04,119547.28,30.9
H00147,A00145,S177,3214,66.61,2022-07-08,202578.42,48.3
H00148,A00145,S108,1651,112.65,2021-01-24,216908.38,51.7
H00149,A00147,S141,10026,35.02,2022-05-11,359632.62,33.9
H00150,A00147,S010,1364,199.41,2019-11-29,298047.64,28.1
H00151,A00147,S200,7630,43.5,2021-07-08,403169.2,38.0
H00152,A00150,S098,1103,110.13,2019-09-24,125918.48,48.9
H00153,A00150,S118,6020,22.69,2020-12-06,131537.0,51.1
H00154,A00152,S184,389,441.39,2022-07-04,149438.24,76.6
H00155,A00152,S075,165,312.09,2021-02-26,45554.85,23.4
H00156,A00157,S098,2276,133.91,2019-05-17,259828.16,61.8
H00157,A00157,S152,1394,127.58,2020-06-23,160560.92,38.2
H00158,A00158,S088,659,66.83,2019-05-18,43461.05,45.5
H00159,A00158,S155,1707,36.23,2020-02-11,52046.43,54.5
H00160,A00161,S191,387,46.49,2021-01-02,15344.55,37.8
H00161,A00161,S052,270,50.14,2019-12-17,12465.9,30.7
H00162,A00161,S092,228,49.39,2021-04-01,12781.68,31.5
H00163,A00164,S036,648,112.48,2020-02-24,73943.28,35.8
H00164,A00164,S159,478,315.98,2019-12-03,132511.16,64.2
H00165,A00165,S126,88,203.29,2020-03-24,18792.4,40.9
H00166,A00165,S089,546,54.56,2020-05-02,27076.14,59.1
H00167,A00168,S121,175,190.56,2020-01-25,35089.25,23.0
H00168,A00168,S080,175,130.89,2019-06-02,25816.0,16.9
H00169,A00168,S037,120,267.95,2022-01-21,27801.6,18.2
H00170,A00168,S024,547,48.81,2020-06-25,29062.11,19.0
H00171,A00168,S011,328,111.18,2019-12-12,35164.88,23.0
H00172,A00170,S197,232,109.22,2020-07-18,30245.84,18.5
H00173,A00170,S175,339,73.59,2019-04-19,27296.28,16.7
H00174,A00170,S164,233,121.12,2020-02-24,31545.87,19.3
H00175,A00170,S092,595,60.14,2019-07-28,33355.7,20.4
H00176,A00170,S030,274,143.52,2021-12-30,40990.4,25.1
H00177,A00175,S149,385,367.41,2021-10-20,129021.2,50.6
H00178,A00175,S001,1518,88.53,2019-12-15,125963.64,49.4
H00179,A00177,S044,718,123.81,2021-10-03,84214.22,16.5
H00180,A00177,S065,2184,225.89,2022-04-21,426142.08,83.5
H00181,A00180,S163,242,90.77,2022-01-23,25289.0,23.0
H00182,A00180,S024,326,49.73,2021-10-03,17320.38,15.8
H00183,A00180,S160,440,46.41,2022-11-07,18334.8,16.7
H00184,A00180,S173,70,327.02,2020-04-23,21956.2,20.0
H00185,A00180,S113,82,363.64,2020-04-19,27030.48,24.5
H00186,A00182,S130,165,359.76,2021-04-16,49534.65,20.4
H00187,A00182,S019,405,73.45,2020-04-13,36648.45,15.1
H00188,A00182,S169,381,207.95,2021-07-09,77000.1,31.7
H00189,A00182,S128,1530,61.68,2019-02-16,79713.0,32.8
H00190,A00184,S058,1669,84.77,2022-10-26,145636.94,37.0
H00191,A00184,S093,1158,114.66,2019-09-01,113402.94,28.8
H00192,A00184,S110,1926,68.6,2022-12-04,134627.4,34.2
H00193,A00186,S088,305,58.98,2021-04-09,20114.75,35.5
H00194,A00186,S156,534,69.01,2019-10-28,36584.34,64.5
H00195,A00188,S161,1291,38.06,2019-06-22,48347.95,70.9
H00196,A00188,S187,72,292.8,2019-12-17,19821.6,29.1
H00197,A00195,S178,1141,134.68,2019-06-26,143674.72,42.1
H00198,A00195,S155,6478,36.49,2022-10-22,197514.22,57.9
H00199,A00198,S171,99,253.16,2022-03-12,27664.56,19.2
H00200,A00198,S042,251,115.22,2019-05-30,33623.96,23.4
H00201,A00198,S130,100,302.95,2019-12-23,30021.0,20.9
H00202,A00198,S113,87,273.3,2022-03-14,28678.68,20.0
H00203,A00198,S078,148,137.14,2022-03-08,23725.88,16.5
H00204,A00202,S197,372,132.16,2022-10-28,48497.64,26.7
H00205,A00202,S007,411,97.87,2021-05-30,44330.46,24.4
H00206,A00202,S104,167,304.15,2022-01-14,48403.28,26.6
H00207,A00202,S040,142,262.11,2022-01-24,40654.6,22.3
H00208,A00206,S180,1267,235.28,2020-11-08,255351.18,76.1
H00209,A00206,S045,1670,53.77,2022-05-24,80226.8,23.9
H00210,A00209,S079,273,175.62,2021-11-05,44534.49,20.3
H00211,A00209,S147,1215,42.11,2022-08-20,43083.9,19.6
H00212,A00209,S032,927,37.56,2022-05-25,40862.16,18.6
H00213,A00209,S023,916,50.49,2022-06-02,49454.84,22.5
H00214,A00209,S045,874,48.27,2022-07-13,41986.96,19.1
H00215,A00213,S062,1365,50.19,2021-07-26,67280.85,36.5
H00216,A00213,S162,230,287.4,2019-03-15,55784.2,30.3
H00217,A00213,S194,193,341.91,2021-06-22,61208.02,33.2
H00218,A00215,S005,450,146.14,2021-04-02,56785.5,58.6
H00219,A00215,S088,608,64.57,2021-09-05,40097.6,41.4
H00220,A00219,S108,268,114.92,2022-06-14,35209.84,39.2
H00221,A00219,S022,492,108.78,2021-02-18,54567.72,60.8
H00222,A00221,S188,1103,129.57,2021-08-02,135966.81,86.0
H00223,A00221,S176,84,262.78,2021-12-25,22118.88,14.0
H00224,A00223,S038,950,168.96,2021-11-01,137645.5,33.2
H00225,A00223,S137,664,109.06,2019-11-12,72495.52,17.5
H00226,A00223,S025,1447,160.21,2019-09-23,204287.46,49.3
H00227,A00226,S007,343,114.04,2020-10-13,36995.98,26.0
H00228,A00226,S104,108,310.89,2019-01-02,31302.72,21.9
H00229,A00226,S195,1445,30.43,2020-01-17,45835.4,32.2
H00230,A00226,S076,682,44.58,2020-05-01,28337.1,19.9
H00231,A00231,S076,2113,48.11,2021-01-08,87795.15,23.8
H00232,A00231,S081,1529,147.91,2021-03-10,205176.51,55.6
H00233,A00231,S078,474,152.68,2022-06-22,75986.94,20.6
H00234,A00233,S167,248,317.81,2020-07-26,92732.16,46.0
H00235,A00233,S049,1079,87.22,2019-12-27,81140.8,40.2
H00236,A00233,S048,199,155.76,2020-12-02,27889.85,13.8
H00237,A00236,S073,90,233.33,2021-03-18,21335.4,29.0
H00238,A00236,S124,80,180.86,2020-12-23,16471.2,22.5
H00239,A00236,S041,319,126.64,2022-06-06,35731.19,48.5
H00240,A00244,S136,44,294.65,2020-07-05,11831.6,20.9
H00241,A00244,S027,105,131.9,2020-03-31,12412.05,21.7
H00242,A00244,S166,16,1211.96,2020-02-03,16913.28,30.4
H00243,A00244,S198,336,46.85,2022-03-18,15456.0,27.1
H00244,A00247,S122,1635,91.14,2022-10-25,179130.6,58.7
H00245,A00247,S125,930,157.98,2020-01-18,125959.2,41.3
H00246,A00248,S017,1286,111.77,2021-03-07,122015.68,28.1
H00247,A00248,S059,1274,80.09,2022-03-24,117679.38,27.1
H00248,A00248,S104,493,251.8,2022-04-21,142891.12,32.9
H00249,A00248,S034,162,283.49,2022-11-23,51679.62,11.9
H00250,A00249,S088,487,70.87,2019-07-29,32117.65,38.7
H00251,A00249,S091,363,124.6,2021-10-30,50852.67,61.3
H00252,A00254,S002,3022,42.43,2022-08-15,135506.48,55.8
H00253,A00254,S011,1001,106.77,2020-06-22,107317.21,44.2
H00254,A00260,S098,805,105.96,2021-09-25,91898.8,52.8
H00255,A00260,S067,626,109.8,2020-08-11,61967.74,35.6
H00256,A00260,S182,62,369.96,2020-04-04,20299.42,11.7
H00257,A00262,S074,117,59.55,2022-10-15,8216.91,29.2
H00258,A00262,S176,76,304.81,2022-03-27,20012.32,70.8
H00259,A00265,S133,2981,46.16,2019-04-07,138467.45,40.3
H00260,A00265,S181,5475,14.8,2022-12-14,92089.5,26.8
H00261,A00265,S029,293,360.53,2020-04-28,113168.32,32.9
H00262,A00268,S124,3150,197.2,2019-06-30,648553.5,57.4
H00263,A00268,S135,619,212.39,2021-07-18,141348.65,12.5
H00264,A00268,S081,2535,113.12,2020-11-02,340171.65,30.1
H00265,A00271,S086,264,254.66,2020-03-15,71034.48,20.6
H00266,A00271,S099,3754,82.25,2021-09-01,273966.92,79.4
H00267,A00275,S136,233,306.71,2019-04-04,62653.7,36.1
H00268,A00275,S085,1321,26.96,2022-06-25,44161.03,25.5
H00269,A00275,S107,205,123.2,2019-11-03,27867.7,16.1
H00270,A00275,S042,288,144.52,2022-08-10,38580.48,22.3
H00271,A00277,S131,571,127.24,2020-12-25,87026.11,34.3
H00272,A00277,S127,468,310.08,2021-02-23,166622.04,65.7
H00273,A00281,S017,235,97.21,2022-05-24,22296.8,20.8
H00274,A00281,S172,169,231.14,2019-09-27,35738.43,33.3
H00275,A00281,S197,208,143.81,2019-01-14,27116.96,25.3
H00276,A00281,S115,69,291.6,2019-09-23,22142.79,20.7
H00277,A00283,S193,783,84.5,2019-11-30,70438.68,34.9
H00278,A00283,S106,617,113.76,2020-11-08,60712.8,30.1
H00279,A00283,S042,527,137.04,2021-05-26,70596.92,35.0
H00280,A00290,S035,30,372.48,2021-07-10,11145.6,11.4
H00281,A00290,S071,647,45.63,2020-07-26,29069.71,29.3
H00282,A00290,S067,595,91.02,2019-12-10,58899.05,59.4
H00283,A00291,S042,196,125.24,2022-10-02,26256.16,55.8
H00284,A00291,S160,500,38.0,2022-07-18,20835.0,44.2
H00285,A00295,S024,6941,60.93,2022-12-30,368775.33,45.6
H00286,A00295,S199,1092,242.32,2020-08-12,232803.48,28.8
H00287,A00295,S128,3973,45.38,2019-09-21,206993.3,25.6
H00288,A00297,S106,1014,95.57,2020-11-11,99777.6,25.5
H00289,A00297,S087,773,102.53,2019-01-13,97830.88,25.0
H00290,A00297,S173,319,361.65,2019-03-29,100057.54,25.6
H00291,A00297,S030,628,129.01,2020-09-20,93948.8,24.0
H00292,A00301,S133,334,38.51,2020-04-29,15514.3,31.2
H00293,A00301,S152,126,98.19,2019-08-26,14512.68,29.3
H00294,A00301,S127,55,398.66,2020-10-11,19581.65,39.5
H00295,A00302,S061,339,330.6,2022-07-21,111103.86,31.0
H00296,A00302,S047,1928,64.78,2022-02-11,118591.28,33.1
H00297,A00302,S186,390,361.25,2022-10-28,128633.7,35.9
H00298,A00304,S179,3246,59.01,2022-06-17,190053.3,50.0
H00299,A00304,S050,1393,130.08,2022-04-16,190088.78,50.0
H00300,A00307,S198,1660,40.89,2021-07-08,76360.0,22.0
H00301,A00307,S146,531,133.38,2021-06-22,61080.93,17.6
H00302,A00307,S181,3653,18.3,2020-08-22,61443.46,17.7
H00303,A00307,S081,538,141.87,2019-11-03,72194.22,20.8
H00304,A00307,S028,751,111.67,2019-09-23,76324.13,22.0
H00305,A00311,S097,113,350.65,2020-08-12,33932.77,33.4
H00306,A00311,S075,138,243.97,2019-05-23,38100.42,37.6
H00307,A00311,S035,79,375.36,2019-12-21,29350.08,29.0
H00308,A00314,S134,298,116.14,2020-02-14,41943.5,24.1
H00309,A00314,S103,1063,55.25,2022-08-14,56328.37,32.4
H00310,A00314,S041,466,89.93,2020-09-16,52196.66,30.0
H00311,A00314,S060,156,156.42,2019-05-01,23247.12,13.4
H00312,A00316,S021,182,142.76,2021-09-29,26892.32,34.3
H00313,A00316,S146,274,99.39,2022-02-06,31518.22,40.2
H00314,A00316,S083,68,287.55,2019-02-19,19845.8,25.5
H00315,A00319,S160,440,46.45,2020-12-17,18334.8,18.1
H00316,A00319,S128,416,51.68,2020-10-19,21673.6,21.4
H00317,A00319,S158,160,125.13,2021-01-13,22144.0,21.9
H00318,A00319,S199,82,218.48,2020-06-28,17481.58,17.3
H00319,A00319,S037,93,230.18,2021-02-15,21546.24,21.3
H00320,A00323,S174,149,313.08,2021-11-12,44536.1,35.6
H00321,A00323,S069,228,228.11,2022-10-03,46160.88,36.8
H00322,A00323,S116,143,263.86,2021-02-22,34402.94,27.5
H00323,A00324,S131,2807,155.42,2020-01-08,427814.87,62.5
H00324,A00324,S053,1896,147.24,2019-09-05,256756.32,37.5
H00325,A00336,S118,2271,23.85,2022-03-02,49621.35,20.3
H00326,A00336,S094,660,63.37,2020-01-17,39375.6,16.1
H00327,A00336,S104,190,342.79,2019-03-01,55069.6,22.5
H00328,A00336,S138,115,346.01,2019-12-20,42770.8,17.5
H00329,A00336,S116,240,207.4,2022-03-06,57739.2,23.6
H00330,A00341,S193,241,87.34,2020-10-31,21680.36,24.5
H00331,A00341,S160,742,44.29,2022-04-13,30919.14,34.9
H00332,A00341,S047,320,51.06,2020-09-12,19683.2,22.2
H00333,A00341,S120,381,38.45,2022-02-01,16375.38,18.5
H00334,A00344,S138,871,394.73,2022-12-09,323942.32,55.6
H00335,A00344,S054,2468,124.25,2022-03-28,258621.72,44.4
H00336,A00346,S052,947,48.84,2021-10-06,43722.99,18.0
H00337,A00346,S198,1146,40.83,2021-03-16,52716.0,21.7
H00338,A00346,S174,155,273.77,2019-02-10,46329.5,19.1
H00339,A00346,S154,769,65.67,2020-06-18,49108.34,20.2
H00340,A00346,S016,1191,49.1,2022-03-28,51022.44,21.0
H00341,A00349,S153,529,120.71,2022-04-07,65241.57,38.0
H00342,A00349,S180,366,196.61,2020-01-18,73763.64,43.0
H00343,A00349,S080,221,151.71,2021-06-20,32601.92,19.0
H00344,A00354,S162,246,251.84,2021-12-15,59664.84,29.4
H00345,A00354,S095,1342,57.08,2019-08-19,65798.26,32.4
H00346,A00354,S191,1961,35.12,2022-12-20,77753.65,38.3
H00347,A00356,S116,135,205.04,2019-02-27,32478.3,19.2
H00348,A00356,S051,166,327.98,2019-07-21,48398.96,28.7
H00349,A00356,S171,173,238.61,2021-01-16,48343.12,28.6
H00350,A00356,S089,803,47.55,2019-04-22,39820.77,23.6
H00351,A00357,S096,2188,61.05,2022-11-05,118808.4,18.7
H00352,A00357,S196,1078,115.62,2021-11-28,108015.6,17.0
H00353,A00357,S079,666,163.36,2022-03-11,108644.58,17.1
H00354,A00357,S114,4370,35.6,2022-11-01,159505.0,25.1
H00355,A00357,S051,480,257.81,2022-12-14,139948.8,22.0
H00356,A00361,S096,1455,55.06,2019-05-05,79006.5,45.6
H00357,A00361,S188,424,138.0,2019-03-24,52266.48,30.2
H00358,A00361,S029,109,340.2,2020-07-23,42100.16,24.2
H00359,A00367,S046,566,75.8,2022-03-21,41691.56,33.4
H00360,A00367,S060,367,138.33,2021-07-31,54690.34,43.8
H00361,A00367,S169,141,167.05,2019-11-30,28496.1,22.8
H00362,A00369,S187,566,322.49,2019-07-11,155819.8,59.1
H00363,A00369,S066,2225,39.22,2019-11-02,107845.75,40.9
H00364,A00371,S057,1012,106.82,2019-02-19,115084.64,22.5
H00365,A00371,S134,1017,117.81,2020-02-12,143142.75,28.0
H00366,A00371,S034,428,316.2,2022-08-31,136536.28,26.7
H00367,A00371,S150,135,992.21,2021-11-13,116766.9,22.8
H00368,A00373,S030,133,154.18,2021-08-20,19896.8,24.7
H00369,A00373,S013,703,35.26,2022-11-07,29750.96,36.9
H00370,A00373,S007,286,111.89,2019-07-10,30847.96,38.3
H00371,A00376,S043,413,73.6,2019-11-07,35328.02,61.6
H00372,A00376,S140,376,49.55,2019-11-19,22014.8,38.4
H00373,A00377,S150,104,1024.13,2021-04-19,89953.76,48.8
H00374,A00377,S022,850,109.43,2022-09-14,94273.5,51.2
H00375,A00380,S165,803,56.17,2019-07-02,41065.42,26.2
H00376,A00380,S006,320,305.63,2021-02-22,115555.2,73.8
H00377,A00381,S151,150,137.97,2019-10-06,25462.5,20.9
H00378,A00381,S008,370,112.58,2022-09-17,38243.2,31.4
H00379,A00381,S057,215,124.75,2021-12-19,24449.8,20.1
H00380,A00381,S147,949,39.15,2020-05-24,33651.54,27.6
H00381,A00387,S103,442,48.62,2020-01-30,23421.58,38.0
H00382,A00387,S196,216,97.45,2020-11-21,21643.2,35.2
H00383,A00387,S028,162,89.78,2019-01-28,16464.06,26.8
H00384,A00388,S044,210,100.85,2020-07-31,24630.9,17.1
H00385,A00388,S106,321,85.65,2019-07-04,31586.4,21.9
H00386,A00388,S041,284,102.35,2022-02-17,31810.84,22.1
H00387,A00388,S006,73,387.55,2022-07-04,26361.03,18.4
H00388,A00388,S145,366,82.06,2020-11-21,29737.5,20.6
H00389,A00391,S036,4298,97.43,2022-05-06,490444.78,61.1
H00390,A00391,S170,3730,76.57,2019-09-21,312238.3,38.9
H00391,A00396,S076,2181,44.88,2021-01-21,90620.55,56.4
H00392,A00396,S101,1142,73.5,2020-12-17,70073.12,43.6
H00393,A00400,S084,79,90.66,2020-03-15,8947.54,17.0
H00394,A00400,S200,277,57.4,2022-03-11,14636.68,28.0
H00395,A00400,S189,57,274.03,2019-09-20,15041.16,28.5
H00396,A00400,S147,391,39.42,2022-04-09,13864.86,26.5
H00397,A00401,S089,1252,48.67,2019-10-18,62086.68,41.6
H00398,A00401,S114,1628,33.22,2021-05-18,59422.0,39.8
H00399,A00401,S140,474,68.74,2022-01-30,27752.7,18.6
H00400,A00403,S101,2538,52.29,2019-02-25,155731.68,32.2
H00401,A00403,S140,2032,52.91,2019-06-03,118973.6,24.6
H00402,A00403,S087,1651,146.21,2019-11-16,208950.56,43.2
H00403,A00406,S147,2390,29.13,2019-09-10,84749.4,34.8
H00404,A00406,S071,3533,42.45,2019-11-28,158737.69,65.2
H00405,A00407,S068,265,404.56,2019-05-06,103122.1,30.5
H00406,A00407,S041,1636,109.46,2019-06-24,183248.36,54.1
H00407,A00407,S111,1064,47.39,2022-04-24,51848.72,15.3
H00408,A00412,S104,143,293.44,2019-08-08,41447.12,32.4
H00409,A00412,S054,338,98.18,2020-06-18,35419.02,27.6
H00410,A00412,S016,1197,50.6,2019-11-21,51279.48,40.0
H00411,A00413,S086,702,245.98,2020-05-26,188887.14,28.8
H00412,A00413,S096,8596,44.71,2019-02-04,466762.8,71.2
H00413,A00417,S179,4420,68.25,2022-08-03,258791.0,47.5
H00414,A00417,S106,1335,96.49,2021-05-16,131364.0,24.1
H00415,A00417,S067,1558,114.55,2020-09-23,154226.42,28.3
H00416,A00424,S148,64,106.55,2021-05-20,7187.2,9.9
H00417,A00424,S099,217,83.01,2020-05-19,15836.66,21.8
H00418,A00424,S059,229,83.18,2019-08-06,21152.73,29.1
H00419,A00424,S182,87,279.85,2020-05-29,28484.67,39.2
H00420,A00425,S012,73,231.56,2021-11-19,15260.65,37.0
H00421,A00425,S022,72,94.17,2020-02-29,7985.52,19.5
H00422,A00425,S067,180,80.25,2021-04-24,17818.2,43.5
H00423,A00426,S159,209,306.43,2019-07-04,57938.98,29.3
H00424,A00426,S116,581,239.52,2021-05-17,139776.98,70.7
H00425,A00432,S013,439,35.67,2022-04-28,18578.48,17.6
H00426,A00432,S044,156,95.26,2019-08-10,18297.24,17.3
H00427,A00432,S056,176,130.65,2022-12-13,19328.32,18.3
H00428,A00432,S147,759,29.23,2019-06-22,26914.14,25.5
H00429,A00432,S095,458,43.06,2019-03-28,22455.74,21.3
H00430,A00433,S146,150,95.69,2019-04-08,17254.5,26.4
H00431,A00433,S095,314,55.17,2020-08-12,15395.42,23.6
H00432,A00433,S192,195,83.47,2021-12-22,17234.1,26.5
H00433,A00433,S031,264,68.27,2021-10-04,15253.92,23.4
H00434,A00438,S067,245,86.97,2019-02-05,24252.55,30.7
H00435,A00438,S143,319,112.66,2020-01-08,35026.2,44.4
H00436,A00438,S198,427,43.22,2021-12-17,19642.0,24.9
H00437,A00439,S173,31,266.05,2019-01-12,9723.46,20.6
H00438,A00439,S183,30,323.12,2022-10-06,10384.2,21.4
H00439,A00439,S064,189,60.78,2020-02-15,10243.8,21.5
H00440,A00439,S057,82,118.59,2019-11-17,9325.04,19.5
H00441,A00439,S062,165,55.65,2021-06-19,8132.85,17.0
H00442,A00441,S003,133,282.6,2019-05-12,39930.59,28.1
H00443,A00441,S028,401,102.63,2019-10-11,40753.63,28.7
H00444,A00441,S015,793,45.02,2021-08-30,33060.17,23.3
H00445,A00441,S018,409,55.5,2019-04-28,28106.48,19.8
H00446,A00444,S174,190,278.61,2022-04-21,56791.0,34.9
H00447,A00444,S180,294,163.24,2019-05-19,59252.76,36.4
H00448,A00444,S124,226,230.19,2019-04-14,46531.14,28.6
H00449,A00447,S086,491,217.37,2022-09-03,132113.37,27.4
H00450,A00447,S020,391,316.58,2020-04-28,136763.98,28.4
H00451,A00447,S044,875,119.35,2022-02-04,102628.75,21.3
H00452,A00447,S047,1802,50.88,2022-02-26,110841.02,23.0
H00453,A00451,S011,649,128.54,2019-05-15,69579.29,24.8
H00454,A00451,S058,720,80.86,2019-12-19,62827.2,22.4
H00455,A00451,S044,445,95.82,2022-06-04,52194.05,18.6
H00456,A00451,S020,127,365.01,2019-03-19,44422.06,15.8
H00457,A00451,S081,385,150.71,2020-09-01,51663.15,18.4
H00458,A00453,S089,387,51.69,2021-10-06,19191.33,27.2
H00459,A00453,S184,50,405.5,2022-08-20,19208.0,27.0
H00460,A00453,S050,154,112.72,2021-08-06,21014.84,29.7
H00461,A00453,S037,49,240.05,2022-11-04,11352.32,16.2
H00462,A00457,S029,248,354.2,2021-04-21,95787.52,37.0
H00463,A00457,S096,1438,63.16,2019-07-23,78083.4,30.1
H00464,A00457,S069,421,173.99,2021-09-20,85235.66,32.9
H00465,A00460,S163,948,93.98,2019-12-23,99066.0,43.6
H00466,A00460,S164,447,149.59,2021-06-13,60519.33,26.6
H00467,A00460,S048,483,122.38,2022-11-11,67692.45,29.8
H00468,A00464,S095,1502,47.97,2019-01-31,73643.06,19.3
H00469,A00464,S183,205,286.19,2020-06-24,70958.7,18.6
H00470,A00464,S024,1329,46.01,2021-06-01,70609.77,18.5
H00471,A00464,S135,358,260.15,2022-09-14,81749.3,21.4
H00472,A00464,S175,1052,68.91,2020-03-14,84707.04,22.2
H00473,A00466,S098,386,96.15,2021-04-21,44065.76,18.8
H00474,A00466,S086,206,221.17,2019-11-21,55428.42,23.7
H00475,A00466,S114,1867,38.85,2022-09-12,68145.5,29.1
H00476,A00466,S010,304,177.21,2022-09-14,66427.04,28.4
H00477,A00471,S127,56,296.74,2021-01-26,19937.68,16.0
H00478,A00471,S013,632,45.44,2022-06-13,26746.24,21.3
H00479,A00471,S196,273,103.07,2022-05-04,27354.6,21.8
H00480,A00471,S046,316,73.79,2022-04-12,23276.56,18.5
H00481,A00471,S188,228,120.73,2019-10-28,28105.56,22.4
H00482,A00473,S109,1255,59.22,2022-01-05,91866.0,32.4
H00483,A00473,S037,828,232.02,2022-04-18,191831.04,67.6
H00484,A00478,S020,252,415.61,2021-03-28,88144.56,26.7
H00485,A00478,S080,495,170.78,2020-09-14,73022.4,22.1
H00486,A00478,S122,765,111.1,2019-11-26,83813.4,25.4
H00487,A00478,S191,2148,43.74,2021-07-13,85168.2,25.8
H00488,A00480,S193,1888,107.34,2021-11-04,169844.48,34.7
H00489,A00480,S067,2299,93.99,2019-01-24,227578.01,46.5
H00490,A00480,S159,334,281.56,2019-05-07,92591.48,18.9
H00491,A00482,S050,497,135.06,2021-08-27,67820.62,70.1
H00492,A00482,S036,253,121.71,2020-01-04,28869.83,29.9
H00493,A00491,S184,767,398.86,2019-07-07,294650.72,71.5
H00494,A00491,S088,1782,72.93,2022-09-30,117522.9,28.5
H00495,A00492,S015,6072,41.68,2022-04-24,253141.68,62.7
H00496,A00492,S099,2064,66.28,2019-12-05,150630.72,37.3
H00497,A00495,S017,166,97.86,2022-10-04,15750.08,20.8
H00498,A00495,S192,169,103.59,2021-09-04,14936.22,19.7
H00499,A00495,S155,477,32.5,2019-04-13,14543.73,19.2
H00500,A00495,S134,101,127.64,2022-04-20,14215.75,18.8
H00501,A00495,S082,262,58.91,2019-08-30,16388.1,21.6
H00502,A00496,S065,223,164.88,2021-05-24,43511.76,53.3
H00503,A00496,S087,68,103.48,2022-02-04,8606.08,10.5
H00504,A00496,S098,260,120.66,2019-12-29,29681.6,36.3
H00505,A00498,S009,1385,84.81,2020-11-13,114788.8,20.4
H00506,A00498,S174,823,325.55,2020-12-26,245994.7,43.7
H00507,A00498,S195,6369,26.73,2021-07-31,202024.68,35.9
H00508,A00499,S129,815,150.56,2022-12-08,104833.45,14.4
H00509,A00499,S027,2265,124.81,2022-06-02,267745.65,36.8
H00510,A00499,S022,3202,105.42,2022-01-24,355133.82,48.8
H00511,A00503,S115,593,290.83,2021-11-13,190299.63,33.7
H00512,A00503,S102,757,255.45,2019-05-13,209060.69,37.0
H00513,A00503,S133,3562,45.41,2019-11-10,165454.9,29.3
H00514,A00506,S146,105,108.38,2020-05-12,12078.15,13.7
H00515,A00506,S159,52,313.32,2021-04-12,14415.44,16.3
H00516,A00506,S199,291,194.02,2022-01-24,62038.29,70.1
H00517,A00510,S031,153,68.42,2020-03-30,8840.34,17.1
H00518,A00510,S119,133,292.28,2021-03-30,42888.51,82.9
H00519,A00512,S153,651,147.26,2021-03-20,80287.83,39.4
H00520,A00512,S179,692,58.07,2021-12-15,40516.6,19.9
H00521,A00512,S146,214,112.51,2022-03-25,24616.42,12.1
H00522,A00512,S034,183,263.9,2019-02-15,58378.83,28.6
H00523,A00513,S105,3098,154.54,2019-08-20,399146.32,52.0
H00524,A00513,S070,3324,114.67,2020-05-23,368432.16,48.0
H00525,A00515,S116,95,271.45,2020-02-23,22855.1,25.6
H00526,A00515,S045,545,52.17,2019-08-10,26181.8,29.4
H00527,A00515,S057,198,101.56,2021-08-31,22516.56,25.3
H00528,A00515,S044,150,127.6,2019-01-01,17593.5,19.7
H00529,A00518,S170,611,77.72,2021-11-12,51146.81,20.8
H00530,A00518,S057,512,95.27,2020-11-11,58224.64,23.7
H00531,A00518,S109,1863,81.39,2022-12-05,136371.6,55.5
H00532,A00522,S121,766,237.09,2020-09-10,153590.66,68.4
H00533,A00522,S073,299,236.64,2020-06-20,70880.94,31.6
H00534,A00525,S086,202,309.22,2022-11-28,54352.14,34.2
H00535,A00525,S028,485,93.06,2019-02-27,49290.55,31.1
H00536,A00525,S056,501,122.46,2021-05-02,55019.82,34.7
H00537,A00527,S148,318,131.68,2019-05-14,35711.4,26.2
H00538,A00527,S040,105,317.5,2019-09-17,30061.5,22.0
H00539,A00527,S147,961,38.3,2022-05-02,34077.06,25.0
H00540,A00527,S080,248,149.78,2022-01-24,36584.96,26.8
H00541,A00529,S057,110,128.88,2019-10-25,12509.2,16.4
H00542,A00529,S196,165,84.04,2019-06-13,16533.0,21.7
H00543,A00529,S090,21,926.78,2021-04-27,19917.66,25.6
H00544,A00529,S188,99,124.11,2019-08-03,12203.73,16.0
H00545,A00529,S109,211,81.61,2020-10-30,15445.2,20.2
H00546,A00536,S172,509,249.3,2022-01-23,107638.23,58.3
H00547,A00536,S122,703,106.15,2022-09-20,77020.68,41.7
H00548,A00539,S194,604,342.06,2022-01-30,191552.56,53.9
H00549,A00539,S197,1256,127.26,2021-11-03,163744.72,46.1
H00550,A00543,S038,462,134.88,2022-04-19,66939.18,27.6
H00551,A00543,S166,75,956.12,2020-10-04,79281.0,32.6
H00552,A00543,S066,1992,54.36,2019-04-11,96552.24,39.8
H00553,A00545,S082,1160,65.03,2020-01-05,72558.0,48.9
H00554,A00545,S176,288,216.83,2022-11-08,75836.16,51.1
H00555,A00548,S108,394,151.83,2019-04-02,51763.72,42.6
H00556,A00548,S077,435,44.67,2019-05-25,20662.5,17.0
H00557,A00548,S190,413,117.58,2021-05-15,49060.27,40.4
H00558,A00550,S095,1652,50.11,2021-03-19,80997.56,29.6
H00559,A00550,S081,294,118.47,2020-10-05,39451.86,14.4
H00560,A00550,S180,348,181.27,2022-12-23,70135.92,25.6
H00561,A00550,S022,748,117.46,2019-07-24,82960.68,30.3
H00562,A00551,S160,1198,33.75,2022-09-05,49920.66,22.1
H00563,A00551,S016,1028,45.43,2020-09-08,44039.52,19.5
H00564,A00551,S196,505,112.5,2020-09-03,50601.0,22.4
H00565,A00551,S034,142,322.88,2022-04-03,45299.42,20.0
H00566,A00551,S135,159,205.53,2019-04-07,36307.65,16.1
H00567,A00559,S010,362,198.75,2022-02-14,79100.62,34.9
H00568,A00559,S139,2799,31.58,2021-06-02,84557.79,37.3
H00569,A00559,S037,272,231.45,2019-04-13,63016.96,27.8
H00570,A00560,S110,1289,78.02,2020-09-28,90101.1,57.2
H00571,A00560,S105,345,119.29,2021-01-15,44449.8,28.2
H00572,A00560,S132,77,298.92,2021-06-26,23109.24,14.6
H00573,A00561,S135,135,252.83,2020-03-28,30827.25,25.6
H00574,A00561,S051,79,255.67,2021-11-03,23033.24,19.2
H00575,A00561,S034,92,357.96,2019-03-01,29348.92,24.5
H00576,A00561,S119,115,312.82,2020-05-11,37084.05,30.8
H00577,A00563,S081,412,141.36,2021-05-07,55286.28,24.5
H00578,A00563,S059,647,86.33,2020-08-15,59763.39,26.5
H00579,A00563,S072,214,227.13,2021-03-23,59153.88,26.2
H00580,A00563,S085,1531,35.2,2022-05-21,51181.33,22.7
H00581,A00570,S176,259,255.47,2020-01-18,68199.88,18.6
H00582,A00570,S138,361,315.15,2019-11-08,134263.12,36.6
H00583,A00570,S157,204,134.07,2021-07-14,29804.4,8.1
H00584,A00570,S129,1051,124.93,2021-09-06,135190.13,36.8
H00585,A00572,S139,1867,24.98,2019-02-26,56402.07,37.5
H00586,A00572,S087,276,106.5,2019-12-29,34930.56,23.2
H00587,A00572,S182,73,298.72,2019-07-24,23900.93,15.9
H00588,A00572,S142,713,41.31,2021-10-27,35193.68,23.4
H00589,A00575,S044,275,129.51,2022-01-04,32254.75,27.1
H00590,A00575,S135,140,184.05,2021-08-29,31969.0,26.9
H00591,A00575,S117,508,61.18,2021-03-22,30012.64,25.2
H00592,A00575,S028,244,100.87,2021-10-09,24797.72,20.8
H00593,A00577,S047,329,60.13,2019-01-28,20236.79,15.9
H00594,A00577,S092,529,65.72,2020-07-13,29655.74,23.3
H00595,A00577,S188,169,120.61,2021-04-16,20832.63,16.4
H00596,A00577,S191,659,44.29,2019-12-03,26129.35,20.5
H00597,A00577,S132,101,316.76,2021-05-20,30312.12,23.9
H00598,A00578,S189,403,232.63,2020-05-29,106343.64,33.5
H00599,A00578,S165,2028,45.59,2021-09-07,103711.92,32.7
H00600,A00578,S115,334,300.65,2021-05-30,107183.94,33.8
H00601,A00580,S182,737,331.64,2021-08-02,241301.17,31.1
H00602,A00580,S172,1182,216.05,2022-07-25,249957.54,32.2
H00603,A00580,S125,2103,117.5,2020-06-26,284830.32,36.7
H00604,A00584,S052,1037,47.23,2020-04-21,47878.29,64.2
H00605,A00584,S066,551,48.54,2020-06-02,26706.97,35.8
H00606,A00585,S125,423,159.53,2020-06-05,57291.12,28.4
H00607,A00585,S040,216,264.03,2021-01-22,61840.8,30.7
H00608,A00585,S120,1027,39.29,2021-08-14,44140.46,21.9
H00609,A00585,S186,116,308.53,2019-10-26,38260.28,19.0
H00610,A00587,S140,3001,50.12,2020-02-01,175708.55,83.6
H00611,A00587,S142,698,42.53,2022-12-31,34453.28,16.4
H00612,A00589,S195,1463,31.61,2022-06-25,46406.36,21.5
H00613,A00589,S192,598,96.63,2019-06-23,52851.24,24.5
H00614,A00589,S114,1609,35.78,2021-03-26,58728.5,27.2
H00615,A00589,S163,554,115.54,2020-05-12,57893.0,26.8
H00616,A00591,S128,478,45.22,2020-01-28,24903.8,41.5
H00617,A00591,S162,107,278.2,2022-02-10,25951.78,43.3
H00618,A00591,S176,35,267.42,2022-11-04,9216.2,15.2
H00619,A00598,S135,334,183.83,2022-01-16,76268.9,35.3
H00620,A00598,S014,1071,60.67,2019-05-18,78825.6,36.5
H00621,A00598,S104,210,302.22,2021-03-03,60866.4,28.2
H00622,A00599,S187,268,298.95,2020-02-03,73780.4,71.9
H00623,A00599,S078,180,130.38,2022-05-31,28855.8,28.1
H00624,A00603,S085,2815,30.31,2020-04-14,94105.45,29.4
H00625,A00603,S197,810,121.56,2020-04-15,105599.7,33.0
H00626,A00603,S082,1924,72.09,2019-01-25,120346.2,37.6
H00627,A00608,S054,328,114.86,2021-11-20,34371.12,33.6
H00628,A00608,S037,149,191.75,2021-03-22,34520.32,33.7
H00629,A00608,S046,453,71.91,2021-10-31,33367.98,32.6
H00630,A00612,S067,1910,118.35,2020-07-25,189070.9,46.7
H00631,A00612,S086,200,242.6,2022-10-04,53814.0,13.3
H00632,A00612,S182,495,387.07,2020-06-19,162067.95,40.0
H00633,A00613,S013,693,42.91,2021-01-10,29327.76,30.6
H00634,A00613,S060,312,160.25,2021-08-31,46494.24,48.6
H00635,A00613,S148,177,116.92,2020-03-21,19877.1,20.8
H00636,A00618,S198,1659,50.7,2022-10-03,76314.0,27.7
H00637,A00618,S117,1203,54.84,2022-08-11,71073.24,25.8
H00638,A00618,S165,1024,53.1,2019-10-29,52367.36,19.0
H00639,A00618,S196,756,101.67,2021-10-25,75751.2,27.5
H00640,A00625,S141,1110,36.84,2021-05-21,39815.7,22.4
H00641,A00625,S130,163,358.83,2021-12-16,48934.23,27.6
H00642,A00625,S186,130,331.74,2019-11-14,42877.9,24.2
H00643,A00625,S042,344,154.58,2022-11-15,46082.24,25.9
H00644,A00627,S017,617,94.17,2022-12-10,58540.96,27.6
H00645,A00627,S178,1219,107.43,2021-09-08,153496.48,72.4
H00646,A00630,S026,1650,103.12,2021-02-10,199006.5,40.7
H00647,A00630,S138,780,332.13,2019-07-03,290097.6,59.3
H00648,A00632,S159,433,244.37,2022-02-14,120036.26,60.8
H00649,A00632,S185,369,120.23,2022-04-28,41874.12,21.2
H00650,A00632,S157,243,143.15,2021-12-03,35502.3,18.0
H00651,A00637,S062,3040,42.41,2019-08-19,149841.6,31.9
H00652,A00637,S091,2283,167.29,2022-09-12,319825.47,68.1
H00653,A00638,S065,25,224.9,2020-03-06,4878.0,9.8
H00654,A00638,S131,230,181.88,2021-11-24,35054.3,71.6
H00655,A00638,S190,77,136.23,2019-04-12,9146.83,18.6
H00656,A00642,S029,73,311.29,2020-04-16,28195.52,20.6
H00657,A00642,S185,289,98.76,2019-01-05,32795.72,24.0
H00658,A00642,S081,168,108.23,2022-11-17,22543.92,16.5
H00659,A00642,S198,475,46.41,2021-08-02,21850.0,16.0
H00660,A00642,S069,154,197.11,2019-08-23,31178.84,22.9
H00661,A00649,S085,18301,35.19,2022-10-07,611802.43,62.3
H00662,A00649,S086,1376,308.66,2022-10-17,370240.32,37.7
H00663,A00651,S090,222,1069.04,2020-01-23,210558.12,45.2
H00664,A00651,S169,400,191.81,2019-07-10,80840.0,17.4
H00665,A00651,S174,582,273.64,2020-04-26,173959.8,37.4
H00666,A00652,S022,457,114.89,2019-04-08,50685.87,19.3
H00667,A00652,S046,728,82.09,2020-07-19,53624.48,20.4
H00668,A00652,S077,979,46.0,2022-02-01,46502.5,17.7
H00669,A00652,S012,537,220.88,2020-02-04,112259.85,42.7
H00670,A00656,S161,2105,42.42,2019-07-20,78832.25,22.2
H00671,A00656,S151,929,138.17,2020-02-11,157697.75,44.4
H00672,A00656,S080,804,161.29,2019-02-04,118606.08,33.4
H00673,A00660,S098,1384,108.23,2020-07-25,157997.44,53.9
H00674,A00660,S168,8568,11.84,2022-04-19,86194.08,29.4
H00675,A00660,S156,715,65.2,2019-06-02,48984.65,16.7
H00676,A00663,S134,131,150.23,2021-05-14,18438.25,18.7
H00677,A00663,S094,447,54.14,2019-06-01,26668.02,27.0
H00678,A00663,S150,27,696.46,2022-08-18,23353.38,23.9
H00679,A00663,S196,301,95.91,2021-01-29,30160.2,30.5
H00680,A00666,S112,54,159.29,2020-07-31,7307.82,25.8
H00681,A00666,S158,49,110.81,2021-07-04,6781.6,24.1
H00682,A00666,S088,103,67.05,2019-07-25,6792.85,24.0
H00683,A00666,S106,75,94.42,2022-04-26,7380.0,26.1
H00684,A00671,S125,1202,109.17,2022-02-24,162798.88,40.7
H00685,A00671,S037,494,255.79,2021-05-30,114449.92,28.6
H00686,A00671,S149,366,324.35,2020-02-19,122653.92,30.7
H00687,A00682,S033,571,141.86,2021-03-06,84193.95,25.0
H00688,A00682,S009,927,86.43,2019-02-01,76829.76,22.8
H00689,A00682,S178,725,127.33,2022-01-10,91292.0,27.1
H00690,A00682,S046,1148,71.7,2022-02-11,84561.68,25.1
H00691,A00683,S197,252,129.6,2022-06-12,32853.24,21.6
H00692,A00683,S099,387,60.5,2019-03-04,28243.26,18.6
H00693,A00683,S006,75,342.48,2022-04-26,27083.25,17.8
H00694,A00683,S028,336,98.73,2021-01-13,34147.68,22.5
H00695,A00683,S116,123,236.11,2019-06-08,29591.34,19.5
H00696,A00689,S064,680,43.84,2019-06-28,36856.0,25.5
H00697,A00689,S151,193,144.81,2022-12-07,32761.75,22.7
H00698,A00689,S089,997,54.83,2021-01-04,49441.23,34.2
H00699,A00689,S011,237,105.26,2022-07-16,25408.77,17.6
H00700,A00703,S176,25,313.64,2022-02-07,6583.0,31.7
H00701,A00703,S151,50,193.84,2022-03-16,8487.5,41.4
H00702,A00703,S141,96,33.98,2019-10-13,3443.52,16.7
H00703,A00703,S061,6,385.52,2021-08-02,1966.44,10.1
H00704,A00710,S118,3556,21.47,2022-12-17,77698.6,22.8
H00705,A00710,S128,1472,43.56,2019-10-10,76691.2,22.5
H00706,A00710,S152,903,114.64,2021-02-27,104007.54,30.5
H00707,A00710,S072,300,287.71,2019-06-02,82926.0,24.3
H00708,A00712,S158,186,118.73,2019-07-08,25742.4,31.5
H00709,A00712,S091,207,146.17,2022-04-27,28998.63,35.4
H00710,A00712,S084,239,108.86,2019-10-10,27069.14,33.1
H00711,A00721,S055,831,53.79,2021-11-15,45106.68,29.0
H00712,A00721,S001,435,85.89,2021-07-09,36096.3,23.2
H00713,A00721,S092,1328,46.05,2022-12-19,74447.68,47.9
H00714,A00723,S042,1789,112.81,2022-02-07,239654.44,35.3
H00715,A00723,S176,578,247.16,2020-08-24,152198.96,22.4
H00716,A00723,S105,2235,122.29,2019-04-03,287957.4,42.4
H00717,A00728,S178,2144,129.85,2019-09-16,269972.48,42.8
H00718,A00728,S058,3492,99.29,2021-01-21,304711.92,48.3
H00719,A00728,S122,513,109.43,2019-01-01,56204.28,8.9
H00720,A00730,S065,1492,205.43,2020-03-25,291119.04,86.7
H00721,A00730,S070,403,129.7,2020-12-01,44668.52,13.3
H00722,A00731,S127,134,324.48,2021-08-20,47708.02,24.2
H00723,A00731,S094,700,71.4,2021-10-27,41762.0,21.2
H00724,A00731,S189,170,228.3,2022-02-20,44859.6,22.8
H00725,A00731,S141,1745,37.46,2020-07-27,62593.15,31.8
H00726,A00732,S084,291,120.14,2021-11-24,32958.66,29.5
H00727,A00732,S124,382,179.76,2022-11-11,78649.98,70.5
H00728,A00735,S038,488,140.24,2021-03-08,70706.32,58.0
H00729,A00735,S037,130,272.6,2022-01-15,30118.4,24.6
H00730,A00735,S179,360,68.48,2021-02-03,21078.0,17.3
H00731,A00738,S144,1674,95.28,2022-11-30,155615.04,36.7
H00732,A00738,S028,1206,111.92,2019-05-01,122565.78,28.9
H00733,A00738,S134,1034,117.75,2022-03-22,145535.5,34.3
H00734,A00742,S014,1211,84.96,2019-08-12,89129.6,39.3
H00735,A00742,S162,244,289.21,2022-09-07,59179.76,26.1
H00736,A00742,S140,1340,48.86,2020-01-16,78457.0,34.6
H00737,A00743,S016,440,48.27,2021-06-21,18849.6,19.9
H00738,A00743,S091,203,115.06,2022-03-12,28438.27,30.0
H00739,A00743,S014,364,62.89,2019-03-31,26790.4,28.3
H00740,A00743,S029,53,314.06,2019-05-26,20470.72,21.8
H00741,A00747,S083,107,289.97,2022-12-05,31227.95,43.7
H00742,A00747,S004,254,156.86,2022-08-31,35196.78,49.1
H00743,A00747,S192,58,73.77,2021-10-29,5126.04,7.2
H00744,A00749,S134,749,158.24,2019-10-16,105421.75,34.9
H00745,A00749,S115,258,359.09,2021-12-04,82794.78,27.4
H00746,A00749,S190,496,117.28,2022-04-29,58919.84,19.5
H00747,A00749,S120,1286,43.93,2020-03-12,55272.28,18.3
H00748,A00753,S007,1625,106.66,2019-08-25,175272.5,30.2
H00749,A00753,S003,829,289.83,2019-06-30,248890.67,42.9
H00750,A00753,S156,2278,81.1,2021-11-20,156065.78,26.9
H00751,A00755,S171,112,258.3,2022-01-07,31297.28,73.1
H00752,A00755,S091,82,116.7,2019-05-25,11487.38,26.9
H00753,A00758,S090,212,892.23,2022-02-23,201073.52,63.2
H00754,A00758,S087,927,134.86,2021-04-05,117321.12,36.8
H00755,A00760,S110,3395,80.87,2020-03-12,237310.5,81.6
H00756,A00760,S004,386,164.67,2021-01-07,53488.02,18.4
H00757,A00763,S148,166,131.09,2021-05-11,18641.8,21.5
H00758,A00763,S094,402,60.37,2021-04-10,23983.32,27.7
H00759,A00763,S189,93,302.09,2022-01-22,24540.84,28.4
H00760,A00763,S160,468,40.59,2021-05-29,19501.56,22.5
H00761,A00766,S026,177,144.56,2020-09-05,21347.97,14.8
H00762,A00766,S075,166,323.68,2021-10-27,45830.94,31.9
H00763,A00766,S049,1020,66.03,2020-09-13,76704.0,53.3
H00764,A00767,S131,1059,178.08,2022-07-15,161402.19,55.9
H00765,A00767,S081,949,159.37,2020-09-02,127346.31,44.1
H00766,A00771,S107,676,111.64,2021-06-28,91895.44,45.9
H00767,A00771,S016,1458,50.16,2022-12-14,62460.72,31.2
H00768,A00771,S136,171,220.51,2021-01-07,45981.9,22.9
H00769,A00774,S049,2507,72.1,2020-02-26,188526.4,41.7
H00770,A00774,S111,2681,49.99,2019-01-20,130645.13,28.9
H00771,A00774,S090,140,984.15,2022-01-12,132784.4,29.4
H00772,A00775,S002,6173,47.15,2020-09-25,276797.32,63.2
H00773,A00775,S175,1479,87.95,2022-09-26,119089.08,27.2
H00774,A00775,S195,1325,37.94,2019-07-28,42029.0,9.6
H00775,A00780,S067,504,83.16,2021-11-05,49890.96,52.0
H00776,A00780,S017,485,111.63,2019-07-14,46016.8,48.0
H00777,A00784,S082,2001,67.1,2019-04-21,125162.55,24.7
H00778,A00784,S096,1409,58.36,2019-12-29,76508.7,15.1
H00779,A00784,S189,349,228.86,2019-02-18,92094.12,18.2
H00780,A00784,S147,2544,34.13,2022-06-25,90210.24,17.8
H00781,A00784,S134,875,133.48,2020-04-23,123156.25,24.3
H00782,A00786,S049,1452,62.66,2019-12-29,109190.4,33.4
H00783,A00786,S168,12023,12.06,2019-06-19,120951.38,37.0
H00784,A00786,S108,739,140.15,2020-01-09,97089.82,29.7
H00785,A00787,S088,2320,62.19,2019-05-02,153004.0,34.5
H00786,A00787,S148,1224,90.32,2021-05-05,137455.2,31.0
H00787,A00787,S159,552,306.0,2022-12-03,153025.44,34.5
H00788,A00791,S123,115,122.65,2020-01-10,15922.9,46.1
H00789,A00791,S179,317,68.07,2020-12-11,18560.35,53.9
H00790,A00793,S032,563,42.99,2019-03-31,24817.04,20.9
H00791,A00793,S128,456,61.6,2021-10-05,23757.6,20.0
H00792,A00793,S046,300,61.87,2021-06-26,22098.0,18.6
H00793,A00793,S134,193,152.25,2019-09-22,27164.75,22.9
H00794,A00793,S018,304,67.72,2022-02-01,20890.88,17.6
H00795,A00796,S086,94,254.66,2019-02-27,25292.58,36.1
H00796,A00796,S028,227,118.44,2022-09-26,23070.01,32.8
H00797,A00796,S173,70,345.15,2019-05-15,21956.2,31.1
H00798,A00801,S145,1054,85.22,2020-09-14,85637.5,25.8
H00799,A00801,S062,2175,54.67,2019-01-25,107205.75,32.3
H00800,A00801,S146,1209,101.38,2022-03-31,139071.27,41.9
H00801,A00802,S088,1181,75.93,2021-05-27,77886.95,26.0
H00802,A00802,S027,808,96.72,2022-06-06,95513.68,31.9
H00803,A00802,S151,743,183.24,2020-08-05,126124.25,42.1
H00804,A00803,S031,465,48.39,2020-03-29,26867.7,28.7
H00805,A00803,S192,348,105.72,2020-11-20,30756.24,32.8
H00806,A00803,S028,355,117.1,2022-06-16,36078.65,38.5
H00807,A00806,S135,63,204.93,2021-02-04,14386.05,37.4
H00808,A00806,S119,34,346.46,2020-11-28,10963.98,28.3
H00809,A00806,S192,150,75.88,2021-01-10,13257.0,34.4
H00810,A00807,S122,122,112.6,2022-03-28,13366.32,12.7
H00811,A00807,S066,259,39.03,2019-02-09,12553.73,11.9
H00812,A00807,S068,204,373.23,2021-05-27,79384.56,75.3
H00813,A00810,S142,1238,53.22,2020-05-09,61107.68,16.7
H00814,A00810,S116,333,288.32,2021-10-22,80113.14,21.9
H00815,A00810,S020,248,317.19,2022-10-25,86745.44,23.7
H00816,A00810,S147,2188,30.15,2020-03-22,77586.48,21.2
H00817,A00810,S044,515,124.9,2022-03-13,60404.35,16.5
H00818,A00815,S120,375,34.74,2021-03-15,16117.5,20.4
H00819,A00815,S174,66,297.8,2021-02-11,19727.4,24.8
H00820,A00815,S082,355,69.02,2019-11-18,22205.25,28.1
H00821,A00815,S012,101,195.18,2019-01-17,21114.05,26.7
H00822,A00816,S017,941,94.62,2021-02-16,89282.08,33.1
H00823,A00816,S003,331,277.79,2019-09-24,99376.13,36.8
H00824,A00816,S130,270,348.1,2020-01-12,81056.7,30.1
H00825,A00819,S054,355,91.66,2022-03-18,37200.45,23.3
H00826,A00819,S134,336,152.15,2019-11-03,47292.0,29.6
H00827,A00819,S069,192,179.69,2020-03-29,38872.32,24.4
H00828,A00819,S015,869,38.48,2019-07-15,36228.61,22.7
H00829,A00824,S017,427,97.59,2022-08-10,40513.76,12.3
H00830,A00824,S038,1993,167.78,2021-05-13,288765.77,87.7
H00831,A00826,S097,92,306.99,2021-04-27,27626.68,10.3
H00832,A00826,S169,227,202.94,2020-05-12,45876.7,17.1
H00833,A00826,S090,87,764.06,2019-08-27,82516.02,30.7
H00834,A00826,S052,2432,38.57,2021-03-15,112285.44,41.9
H00835,A00829,S133,2696,42.39,2022-10-21,125229.2,23.1
H00836,A00829,S007,955,100.72,2021-07-23,103006.3,19.0
H00837,A00829,S019,3469,84.48,2022-02-26,313909.81,57.9
H00838,A00831,S013,993,36.75,2022-04-30,42023.76,23.1
H00839,A00831,S171,134,309.74,2020-09-30,37444.96,20.6
H00840,A00831,S012,160,181.25,2019-04-06,33448.0,18.4
H00841,A00831,S001,456,74.05,2020-05-07,37838.88,20.8
H00842,A00831,S040,108,277.03,2020-01-02,30920.4,17.0
H00843,A00833,S080,216,148.74,2019-06-09,31864.32,40.4
H00844,A00833,S173,70,283.03,2021-08-06,21956.2,27.8
H00845,A00833,S181,1484,19.44,2022-11-24,24960.88,31.7
H00846,A00836,S098,1117,95.48,2020-12-06,127516.72,16.8
H00847,A00836,S091,4507,159.25,2020-04-07,631385.63,83.2
H00848,A00845,S152,608,99.9,2022-08-18,70029.44,37.8
H00849,A00845,S163,172,116.84,2022-09-14,17974.0,9.7
H00850,A00845,S150,36,751.09,2020-12-23,31137.84,16.6
H00851,A00845,S050,487,158.67,2021-12-10,66456.02,35.9
H00852,A00847,S036,965,124.28,2022-11-06,110116.15,38.3
H00853,A00847,S161,4735,35.44,2019-07-13,177325.75,61.7
H00854,A00848,S180,213,204.4,2020-11-11,42928.02,22.0
H00855,A00848,S193,490,91.77,2019-06-17,44080.4,22.6
H00856,A00848,S032,2453,48.14,2020-10-02,108128.24,55.4
H00857,A00852,S185,647,95.06,2022-02-12,73421.56,36.5
H00858,A00852,S200,1009,53.19,2022-12-22,53315.56,26.5
H00859,A00852,S036,654,93.59,2020-11-26,74627.94,37.1
H00860,A00854,S049,435,85.97,2019-05-18,32712.0,30.7
H00861,A00854,S012,180,213.02,2021-02-07,37629.0,35.2
H00862,A00854,S108,277,137.09,2019-11-13,36392.26,34.1
H00863,A00859,S055,1277,62.58,2019-04-20,69315.56,24.3
H00864,A00859,S095,1164,52.12,2021-11-18,57070.92,20.0
H00865,A00859,S064,890,46.35,2021-09-03,48238.0,16.9
H00866,A00859,S045,1206,41.55,2019-04-21,57936.24,20.3
H00867,A00859,S047,858,53.58,2020-03-13,52775.58,18.5
H00868,A00861,S038,407,123.75,2019-11-15,58970.23,16.4
H00869,A00861,S049,540,61.94,2019-07-01,40608.0,11.3
H00870,A00861,S105,988,117.37,2021-09-24,127293.92,35.4
H00871,A00861,S095,2707,58.59,2022-09-03,132724.21,36.9
H00872,A00863,S160,270,45.8,2019-05-16,11250.9,31.8
H00873,A00863,S069,61,196.1,2021-01-07,12350.06,34.6
H00874,A00863,S027,101,121.86,2022-12-26,11939.21,33.6
H00875,A00866,S122,494,119.89,2019-01-27,54122.64,50.9
H00876,A00866,S179,891,49.83,2022-07-22,52168.05,49.1
H00877,A00867,S140,3321,63.57,2019-11-02,194444.55,70.0
H00878,A00867,S177,1322,55.95,2019-09-26,83325.66,30.0
H00879,A00868,S162,534,206.37,2019-07-31,129516.36,33.8
H00880,A00868,S044,993,105.27,2020-02-02,116468.97,30.4
H00881,A00868,S008,1327,84.4,2019-09-25,137158.72,35.8
H00882,A00875,S178,289,110.66,2022-10-29,36390.88,19.9
H00883,A00875,S134,440,168.02,2019-04-28,61930.0,33.9
H00884,A00875,S197,241,122.26,2022-05-03,31419.17,17.2
H00885,A00875,S182,162,292.16,2021-06-20,53040.42,29.1
H00886,A00876,S115,36,285.51,2019-05-26,11552.76,24.3
H00887,A00876,S037,48,248.71,2022-08-27,11120.64,23.6
H00888,A00876,S121,61,173.39,2022-05-10,12231.11,25.9
H00889,A00876,S023,231,45.13,2022-10-30,12471.69,26.2
H00890,A00879,S120,552,50.63,2022-04-07,23724.96,25.4
H00891,A00879,S015,361,45.84,2021-12-23,15050.09,16.1
H00892,A00879,S007,159,95.7,2019-03-01,17149.74,18.4
H00893,A00879,S061,69,296.76,2022-01-13,22614.06,24.2
H00894,A00879,S008,143,116.64,2019-05-17,14780.48,15.8
H00895,A00881,S105,1097,147.84,2019-08-31,141337.48,52.5
H00896,A00881,S041,659,108.42,2019-01-29,73814.59,27.4
H00897,A00881,S066,1116,48.49,2021-01-21,54092.52,20.1
H00898,A00882,S083,120,331.71,2021-03-16,35022.0,32.1
H00899,A00882,S180,133,198.36,2019-03-25,26804.82,24.6
H00900,A00882,S100,353,127.85,2022-12-05,47344.36,43.4
H00901,A00885,S197,251,124.83,2021-01-10,32722.87,51.8
H00902,A00885,S086,35,221.76,2022-04-05,9417.45,14.7
H00903,A00885,S132,70,274.54,2020-06-05,21008.4,33.5
H00904,A00886,S164,4334,161.37,2022-11-03,586780.26,39.8
H00905,A00886,S171,1599,257.77,2020-01-22,446824.56,30.3
H00906,A00886,S068,1133,422.96,2022-03-08,440895.62,29.9
H00907,A00888,S068,105,337.35,2020-01-24,40859.7,28.7
H00908,A00888,S142,754,42.04,2019-12-12,37217.44,26.1
H00909,A00888,S114,1766,34.83,2021-06-07,64459.0,45.2
H00910,A00890,S073,86,213.9,2021-04-21,20387.16,15.6
H00911,A00890,S083,378,311.17,2020-12-04,110319.3,84.4
H00912,A00892,S151,302,193.53,2022-07-27,51264.5,26.4
H00913,A00892,S146,309,132.8,2019-03-22,35544.27,18.3
H00914,A00892,S097,358,304.35,2021-10-06,107503.82,55.3
H00915,A00895,S051,165,261.25,2020-09-29,48107.4,22.5
H00916,A00895,S153,337,143.43,2022-12-27,41562.21,19.5
H00917,A00895,S003,146,250.35,2022-05-15,43833.58,20.6
H00918,A00895,S150,55,889.47,2021-02-17,47571.7,22.3
H00919,A00895,S103,608,47.98,2020-02-16,32217.92,15.1
H00920,A00899,S062,98,58.11,2020-01-18,4830.42,18.1
H00921,A00899,S142,93,57.04,2022-09-27,4590.48,17.1
H00922,A00899,S045,90,39.54,2021-12-24,4323.6,16.1
H00923,A00899,S046,88,65.88,2020-05-17,6482.08,24.3
H00924,A00899,S055,121,49.09,2020-02-19,6567.88,24.5
H00925,A00901,S079,1776,184.95,2022-10-01,289718.88,41.0
H00926,A00901,S085,6533,33.82,2021-04-10,218398.19,30.9
H00927,A00901,S027,1674,95.89,2020-06-30,197883.54,28.0
H00928,A00902,S073,255,255.06,2022-10-14,60450.3,41.2
H00929,A00902,S070,497,100.58,2020-11-08,55087.48,37.6
H00930,A00902,S049,413,84.11,2021-04-02,31057.6,21.2
H00931,A00903,S103,1051,61.81,2020-11-18,55692.49,19.1
H00932,A00903,S109,765,86.29,2021-01-08,55998.0,19.2
H00933,A00903,S060,421,176.86,2021-06-13,62737.42,21.5
H00934,A00903,S013,1323,40.13,2021-08-25,55989.36,19.2
H00935,A00903,S141,1715,42.92,2020-07-08,61517.05,21.1
H00936,A00905,S181,1627,18.88,2021-06-01,27366.14,22.8
H00937,A00905,S023,598,47.7,2020-07-28,32286.02,26.9
H00938,A00905,S055,608,46.17,2019-12-29,33002.24,27.5
H00939,A00905,S061,83,307.19,2021-01-27,27202.42,22.7
